local_datetime,segment_id,crosswalk,direction,volume
06/01/2025,Washington Street and Avenue 52,North Crosswalk,eb,
06/01/2025,Washington Street and Avenue 52,North Crosswalk,wb,
06/02/2025,Washington Street and Avenue 52,North Crosswalk,eb,
06/02/2025,Washington Street and Avenue 52,North Crosswalk,wb,
06/03/2025,Washington Street and Avenue 52,North Crosswalk,eb,
06/03/2025,Washington Street and Avenue 52,North Crosswalk,wb,
06/04/2025,Washington Street and Avenue 52,North Crosswalk,eb,
06/04/2025,Washington Street and Avenue 52,North Crosswalk,wb,
06/05/2025,Washington Street and Avenue 52,North Crosswalk,eb,
06/05/2025,Washington Street and Avenue 52,North Crosswalk,wb,
06/06/2025,Washington Street and Avenue 52,North Crosswalk,eb,
06/06/2025,Washington Street and Avenue 52,North Crosswalk,wb,
06/07/2025,Washington Street and Avenue 52,North Crosswalk,eb,
06/07/2025,Washington Street and Avenue 52,North Crosswalk,wb,
06/08/2025,Washington Street and Avenue 52,North Crosswalk,eb,
06/08/2025,Washington Street and Avenue 52,North Crosswalk,wb,
06/09/2025,Washington Street and Avenue 52,North Crosswalk,eb,
06/09/2025,Washington Street and Avenue 52,North Crosswalk,wb,
06/10/2025,Washington Street and Avenue 52,North Crosswalk,eb,
06/10/2025,Washington Street and Avenue 52,North Crosswalk,wb,
06/11/2025,Washington Street and Avenue 52,North Crosswalk,eb,
06/11/2025,Washington Street and Avenue 52,North Crosswalk,wb,
06/12/2025,Washington Street and Avenue 52,North Crosswalk,eb,
06/12/2025,Washington Street and Avenue 52,North Crosswalk,wb,
06/13/2025,Washington Street and Avenue 52,North Crosswalk,eb,
06/13/2025,Washington Street and Avenue 52,North Crosswalk,wb,
06/14/2025,Washington Street and Avenue 52,North Crosswalk,eb,
06/14/2025,Washington Street and Avenue 52,North Crosswalk,wb,
06/15/2025,Washington Street and Avenue 52,North Crosswalk,eb,0
06/15/2025,Washington Street and Avenue 52,North Crosswalk,wb,0
06/16/2025,Washington Street and Avenue 52,North Crosswalk,eb,0
06/16/2025,Washington Street and Avenue 52,North Crosswalk,wb,3
06/17/2025,Washington Street and Avenue 52,North Crosswalk,eb,2
06/17/2025,Washington Street and Avenue 52,North Crosswalk,wb,5
06/18/2025,Washington Street and Avenue 52,North Crosswalk,eb,2
06/18/2025,Washington Street and Avenue 52,North Crosswalk,wb,5
06/19/2025,Washington Street and Avenue 52,North Crosswalk,eb,0
06/19/2025,Washington Street and Avenue 52,North Crosswalk,wb,6
06/20/2025,Washington Street and Avenue 52,North Crosswalk,eb,2
06/20/2025,Washington Street and Avenue 52,North Crosswalk,wb,2
06/21/2025,Washington Street and Avenue 52,North Crosswalk,eb,3
06/21/2025,Washington Street and Avenue 52,North Crosswalk,wb,14
06/22/2025,Washington Street and Avenue 52,North Crosswalk,eb,1
06/22/2025,Washington Street and Avenue 52,North Crosswalk,wb,14
06/23/2025,Washington Street and Avenue 52,North Crosswalk,eb,3
06/23/2025,Washington Street and Avenue 52,North Crosswalk,wb,14
06/24/2025,Washington Street and Avenue 52,North Crosswalk,eb,11
06/24/2025,Washington Street and Avenue 52,North Crosswalk,wb,20
06/25/2025,Washington Street and Avenue 52,North Crosswalk,eb,5
06/25/2025,Washington Street and Avenue 52,North Crosswalk,wb,16
06/26/2025,Washington Street and Avenue 52,North Crosswalk,eb,6
06/26/2025,Washington Street and Avenue 52,North Crosswalk,wb,16
06/27/2025,Washington Street and Avenue 52,North Crosswalk,eb,3
06/27/2025,Washington Street and Avenue 52,North Crosswalk,wb,13
06/28/2025,Washington Street and Avenue 52,North Crosswalk,eb,3
06/28/2025,Washington Street and Avenue 52,North Crosswalk,wb,37
06/29/2025,Washington Street and Avenue 52,North Crosswalk,eb,6
06/29/2025,Washington Street and Avenue 52,North Crosswalk,wb,31
06/30/2025,Washington Street and Avenue 52,North Crosswalk,eb,8
06/30/2025,Washington Street and Avenue 52,North Crosswalk,wb,8
06/01/2025,Washington Street and Avenue 52,West Crosswalk,nb,
06/01/2025,Washington Street and Avenue 52,West Crosswalk,sb,
06/02/2025,Washington Street and Avenue 52,West Crosswalk,nb,
06/02/2025,Washington Street and Avenue 52,West Crosswalk,sb,
06/03/2025,Washington Street and Avenue 52,West Crosswalk,nb,
06/03/2025,Washington Street and Avenue 52,West Crosswalk,sb,
06/04/2025,Washington Street and Avenue 52,West Crosswalk,nb,
06/04/2025,Washington Street and Avenue 52,West Crosswalk,sb,
06/05/2025,Washington Street and Avenue 52,West Crosswalk,nb,
06/05/2025,Washington Street and Avenue 52,West Crosswalk,sb,
06/06/2025,Washington Street and Avenue 52,West Crosswalk,nb,
06/06/2025,Washington Street and Avenue 52,West Crosswalk,sb,
06/07/2025,Washington Street and Avenue 52,West Crosswalk,nb,
06/07/2025,Washington Street and Avenue 52,West Crosswalk,sb,
06/08/2025,Washington Street and Avenue 52,West Crosswalk,nb,
06/08/2025,Washington Street and Avenue 52,West Crosswalk,sb,
06/09/2025,Washington Street and Avenue 52,West Crosswalk,nb,
06/09/2025,Washington Street and Avenue 52,West Crosswalk,sb,
06/10/2025,Washington Street and Avenue 52,West Crosswalk,nb,
06/10/2025,Washington Street and Avenue 52,West Crosswalk,sb,
06/11/2025,Washington Street and Avenue 52,West Crosswalk,nb,
06/11/2025,Washington Street and Avenue 52,West Crosswalk,sb,
06/12/2025,Washington Street and Avenue 52,West Crosswalk,nb,
06/12/2025,Washington Street and Avenue 52,West Crosswalk,sb,
06/13/2025,Washington Street and Avenue 52,West Crosswalk,nb,
06/13/2025,Washington Street and Avenue 52,West Crosswalk,sb,
06/14/2025,Washington Street and Avenue 52,West Crosswalk,nb,
06/14/2025,Washington Street and Avenue 52,West Crosswalk,sb,
06/15/2025,Washington Street and Avenue 52,West Crosswalk,nb,0
06/15/2025,Washington Street and Avenue 52,West Crosswalk,sb,0
06/16/2025,Washington Street and Avenue 52,West Crosswalk,nb,0
06/16/2025,Washington Street and Avenue 52,West Crosswalk,sb,1
06/17/2025,Washington Street and Avenue 52,West Crosswalk,nb,0
06/17/2025,Washington Street and Avenue 52,West Crosswalk,sb,0
06/18/2025,Washington Street and Avenue 52,West Crosswalk,nb,1
06/18/2025,Washington Street and Avenue 52,West Crosswalk,sb,0
06/19/2025,Washington Street and Avenue 52,West Crosswalk,nb,0
06/19/2025,Washington Street and Avenue 52,West Crosswalk,sb,2
06/20/2025,Washington Street and Avenue 52,West Crosswalk,nb,0
06/20/2025,Washington Street and Avenue 52,West Crosswalk,sb,0
06/21/2025,Washington Street and Avenue 52,West Crosswalk,nb,1
06/21/2025,Washington Street and Avenue 52,West Crosswalk,sb,1
06/22/2025,Washington Street and Avenue 52,West Crosswalk,nb,0
06/22/2025,Washington Street and Avenue 52,West Crosswalk,sb,0
06/23/2025,Washington Street and Avenue 52,West Crosswalk,nb,1
06/23/2025,Washington Street and Avenue 52,West Crosswalk,sb,2
06/24/2025,Washington Street and Avenue 52,West Crosswalk,nb,2
06/24/2025,Washington Street and Avenue 52,West Crosswalk,sb,1
06/25/2025,Washington Street and Avenue 52,West Crosswalk,nb,3
06/25/2025,Washington Street and Avenue 52,West Crosswalk,sb,3
06/26/2025,Washington Street and Avenue 52,West Crosswalk,nb,3
06/26/2025,Washington Street and Avenue 52,West Crosswalk,sb,3
06/27/2025,Washington Street and Avenue 52,West Crosswalk,nb,1
06/27/2025,Washington Street and Avenue 52,West Crosswalk,sb,5
06/28/2025,Washington Street and Avenue 52,West Crosswalk,nb,2
06/28/2025,Washington Street and Avenue 52,West Crosswalk,sb,1
06/29/2025,Washington Street and Avenue 52,West Crosswalk,nb,2
06/29/2025,Washington Street and Avenue 52,West Crosswalk,sb,2
06/30/2025,Washington Street and Avenue 52,West Crosswalk,nb,1
06/30/2025,Washington Street and Avenue 52,West Crosswalk,sb,0
06/01/2025,Washington Street and Avenue 52,South Crosswalk,wb,
06/01/2025,Washington Street and Avenue 52,South Crosswalk,eb,
06/02/2025,Washington Street and Avenue 52,South Crosswalk,wb,
06/02/2025,Washington Street and Avenue 52,South Crosswalk,eb,
06/03/2025,Washington Street and Avenue 52,South Crosswalk,wb,
06/03/2025,Washington Street and Avenue 52,South Crosswalk,eb,
06/04/2025,Washington Street and Avenue 52,South Crosswalk,wb,
06/04/2025,Washington Street and Avenue 52,South Crosswalk,eb,
06/05/2025,Washington Street and Avenue 52,South Crosswalk,wb,
06/05/2025,Washington Street and Avenue 52,South Crosswalk,eb,
06/06/2025,Washington Street and Avenue 52,South Crosswalk,wb,
06/06/2025,Washington Street and Avenue 52,South Crosswalk,eb,
06/07/2025,Washington Street and Avenue 52,South Crosswalk,wb,
06/07/2025,Washington Street and Avenue 52,South Crosswalk,eb,
06/08/2025,Washington Street and Avenue 52,South Crosswalk,wb,
06/08/2025,Washington Street and Avenue 52,South Crosswalk,eb,
06/09/2025,Washington Street and Avenue 52,South Crosswalk,wb,
06/09/2025,Washington Street and Avenue 52,South Crosswalk,eb,
06/10/2025,Washington Street and Avenue 52,South Crosswalk,wb,
06/10/2025,Washington Street and Avenue 52,South Crosswalk,eb,
06/11/2025,Washington Street and Avenue 52,South Crosswalk,wb,
06/11/2025,Washington Street and Avenue 52,South Crosswalk,eb,
06/12/2025,Washington Street and Avenue 52,South Crosswalk,wb,
06/12/2025,Washington Street and Avenue 52,South Crosswalk,eb,
06/13/2025,Washington Street and Avenue 52,South Crosswalk,wb,
06/13/2025,Washington Street and Avenue 52,South Crosswalk,eb,
06/14/2025,Washington Street and Avenue 52,South Crosswalk,wb,
06/14/2025,Washington Street and Avenue 52,South Crosswalk,eb,
06/15/2025,Washington Street and Avenue 52,South Crosswalk,wb,0
06/15/2025,Washington Street and Avenue 52,South Crosswalk,eb,0
06/16/2025,Washington Street and Avenue 52,South Crosswalk,wb,1
06/16/2025,Washington Street and Avenue 52,South Crosswalk,eb,3
06/17/2025,Washington Street and Avenue 52,South Crosswalk,wb,2
06/17/2025,Washington Street and Avenue 52,South Crosswalk,eb,1
06/18/2025,Washington Street and Avenue 52,South Crosswalk,wb,3
06/18/2025,Washington Street and Avenue 52,South Crosswalk,eb,3
06/19/2025,Washington Street and Avenue 52,South Crosswalk,wb,2
06/19/2025,Washington Street and Avenue 52,South Crosswalk,eb,3
06/20/2025,Washington Street and Avenue 52,South Crosswalk,wb,3
06/20/2025,Washington Street and Avenue 52,South Crosswalk,eb,1
06/21/2025,Washington Street and Avenue 52,South Crosswalk,wb,3
06/21/2025,Washington Street and Avenue 52,South Crosswalk,eb,8
06/22/2025,Washington Street and Avenue 52,South Crosswalk,wb,3
06/22/2025,Washington Street and Avenue 52,South Crosswalk,eb,2
06/23/2025,Washington Street and Avenue 52,South Crosswalk,wb,4
06/23/2025,Washington Street and Avenue 52,South Crosswalk,eb,4
06/24/2025,Washington Street and Avenue 52,South Crosswalk,wb,8
06/24/2025,Washington Street and Avenue 52,South Crosswalk,eb,12
06/25/2025,Washington Street and Avenue 52,South Crosswalk,wb,13
06/25/2025,Washington Street and Avenue 52,South Crosswalk,eb,18
06/26/2025,Washington Street and Avenue 52,South Crosswalk,wb,9
06/26/2025,Washington Street and Avenue 52,South Crosswalk,eb,10
06/27/2025,Washington Street and Avenue 52,South Crosswalk,wb,9
06/27/2025,Washington Street and Avenue 52,South Crosswalk,eb,13
06/28/2025,Washington Street and Avenue 52,South Crosswalk,wb,9
06/28/2025,Washington Street and Avenue 52,South Crosswalk,eb,15
06/29/2025,Washington Street and Avenue 52,South Crosswalk,wb,13
06/29/2025,Washington Street and Avenue 52,South Crosswalk,eb,15
06/30/2025,Washington Street and Avenue 52,South Crosswalk,wb,2
06/30/2025,Washington Street and Avenue 52,South Crosswalk,eb,3
06/01/2025,Washington Street and Calle Tampico,North Crosswalk,eb,
06/01/2025,Washington Street and Calle Tampico,North Crosswalk,wb,
06/02/2025,Washington Street and Calle Tampico,North Crosswalk,eb,
06/02/2025,Washington Street and Calle Tampico,North Crosswalk,wb,
06/03/2025,Washington Street and Calle Tampico,North Crosswalk,eb,
06/03/2025,Washington Street and Calle Tampico,North Crosswalk,wb,
06/04/2025,Washington Street and Calle Tampico,North Crosswalk,eb,
06/04/2025,Washington Street and Calle Tampico,North Crosswalk,wb,
06/05/2025,Washington Street and Calle Tampico,North Crosswalk,eb,
06/05/2025,Washington Street and Calle Tampico,North Crosswalk,wb,
06/06/2025,Washington Street and Calle Tampico,North Crosswalk,eb,
06/06/2025,Washington Street and Calle Tampico,North Crosswalk,wb,
06/07/2025,Washington Street and Calle Tampico,North Crosswalk,eb,
06/07/2025,Washington Street and Calle Tampico,North Crosswalk,wb,
06/08/2025,Washington Street and Calle Tampico,North Crosswalk,eb,
06/08/2025,Washington Street and Calle Tampico,North Crosswalk,wb,
06/09/2025,Washington Street and Calle Tampico,North Crosswalk,eb,
06/09/2025,Washington Street and Calle Tampico,North Crosswalk,wb,
06/10/2025,Washington Street and Calle Tampico,North Crosswalk,eb,
06/10/2025,Washington Street and Calle Tampico,North Crosswalk,wb,
06/11/2025,Washington Street and Calle Tampico,North Crosswalk,eb,
06/11/2025,Washington Street and Calle Tampico,North Crosswalk,wb,
06/12/2025,Washington Street and Calle Tampico,North Crosswalk,eb,
06/12/2025,Washington Street and Calle Tampico,North Crosswalk,wb,
06/13/2025,Washington Street and Calle Tampico,North Crosswalk,eb,
06/13/2025,Washington Street and Calle Tampico,North Crosswalk,wb,
06/14/2025,Washington Street and Calle Tampico,North Crosswalk,eb,
06/14/2025,Washington Street and Calle Tampico,North Crosswalk,wb,
06/15/2025,Washington Street and Calle Tampico,North Crosswalk,eb,0
06/15/2025,Washington Street and Calle Tampico,North Crosswalk,wb,0
06/16/2025,Washington Street and Calle Tampico,North Crosswalk,eb,4
06/16/2025,Washington Street and Calle Tampico,North Crosswalk,wb,3
06/17/2025,Washington Street and Calle Tampico,North Crosswalk,eb,3
06/17/2025,Washington Street and Calle Tampico,North Crosswalk,wb,0
06/18/2025,Washington Street and Calle Tampico,North Crosswalk,eb,2
06/18/2025,Washington Street and Calle Tampico,North Crosswalk,wb,0
06/19/2025,Washington Street and Calle Tampico,North Crosswalk,eb,2
06/19/2025,Washington Street and Calle Tampico,North Crosswalk,wb,2
06/20/2025,Washington Street and Calle Tampico,North Crosswalk,eb,4
06/20/2025,Washington Street and Calle Tampico,North Crosswalk,wb,5
06/21/2025,Washington Street and Calle Tampico,North Crosswalk,eb,3
06/21/2025,Washington Street and Calle Tampico,North Crosswalk,wb,6
06/22/2025,Washington Street and Calle Tampico,North Crosswalk,eb,8
06/22/2025,Washington Street and Calle Tampico,North Crosswalk,wb,1
06/23/2025,Washington Street and Calle Tampico,North Crosswalk,eb,4
06/23/2025,Washington Street and Calle Tampico,North Crosswalk,wb,10
06/24/2025,Washington Street and Calle Tampico,North Crosswalk,eb,4
06/24/2025,Washington Street and Calle Tampico,North Crosswalk,wb,9
06/25/2025,Washington Street and Calle Tampico,North Crosswalk,eb,9
06/25/2025,Washington Street and Calle Tampico,North Crosswalk,wb,6
06/26/2025,Washington Street and Calle Tampico,North Crosswalk,eb,5
06/26/2025,Washington Street and Calle Tampico,North Crosswalk,wb,7
06/27/2025,Washington Street and Calle Tampico,North Crosswalk,eb,7
06/27/2025,Washington Street and Calle Tampico,North Crosswalk,wb,3
06/28/2025,Washington Street and Calle Tampico,North Crosswalk,eb,7
06/28/2025,Washington Street and Calle Tampico,North Crosswalk,wb,4
06/29/2025,Washington Street and Calle Tampico,North Crosswalk,eb,6
06/29/2025,Washington Street and Calle Tampico,North Crosswalk,wb,5
06/30/2025,Washington Street and Calle Tampico,North Crosswalk,eb,2
06/30/2025,Washington Street and Calle Tampico,North Crosswalk,wb,5
06/01/2025,Washington Street and Calle Tampico,South Crosswalk,wb,
06/01/2025,Washington Street and Calle Tampico,South Crosswalk,eb,
06/02/2025,Washington Street and Calle Tampico,South Crosswalk,wb,
06/02/2025,Washington Street and Calle Tampico,South Crosswalk,eb,
06/03/2025,Washington Street and Calle Tampico,South Crosswalk,wb,
06/03/2025,Washington Street and Calle Tampico,South Crosswalk,eb,
06/04/2025,Washington Street and Calle Tampico,South Crosswalk,wb,
06/04/2025,Washington Street and Calle Tampico,South Crosswalk,eb,
06/05/2025,Washington Street and Calle Tampico,South Crosswalk,wb,
06/05/2025,Washington Street and Calle Tampico,South Crosswalk,eb,
06/06/2025,Washington Street and Calle Tampico,South Crosswalk,wb,
06/06/2025,Washington Street and Calle Tampico,South Crosswalk,eb,
06/07/2025,Washington Street and Calle Tampico,South Crosswalk,wb,
06/07/2025,Washington Street and Calle Tampico,South Crosswalk,eb,
06/08/2025,Washington Street and Calle Tampico,South Crosswalk,wb,
06/08/2025,Washington Street and Calle Tampico,South Crosswalk,eb,
06/09/2025,Washington Street and Calle Tampico,South Crosswalk,wb,
06/09/2025,Washington Street and Calle Tampico,South Crosswalk,eb,
06/10/2025,Washington Street and Calle Tampico,South Crosswalk,wb,
06/10/2025,Washington Street and Calle Tampico,South Crosswalk,eb,
06/11/2025,Washington Street and Calle Tampico,South Crosswalk,wb,
06/11/2025,Washington Street and Calle Tampico,South Crosswalk,eb,
06/12/2025,Washington Street and Calle Tampico,South Crosswalk,wb,
06/12/2025,Washington Street and Calle Tampico,South Crosswalk,eb,
06/13/2025,Washington Street and Calle Tampico,South Crosswalk,wb,
06/13/2025,Washington Street and Calle Tampico,South Crosswalk,eb,
06/14/2025,Washington Street and Calle Tampico,South Crosswalk,wb,
06/14/2025,Washington Street and Calle Tampico,South Crosswalk,eb,
06/15/2025,Washington Street and Calle Tampico,South Crosswalk,wb,0
06/15/2025,Washington Street and Calle Tampico,South Crosswalk,eb,0
06/16/2025,Washington Street and Calle Tampico,South Crosswalk,wb,0
06/16/2025,Washington Street and Calle Tampico,South Crosswalk,eb,0
06/17/2025,Washington Street and Calle Tampico,South Crosswalk,wb,1
06/17/2025,Washington Street and Calle Tampico,South Crosswalk,eb,1
06/18/2025,Washington Street and Calle Tampico,South Crosswalk,wb,2
06/18/2025,Washington Street and Calle Tampico,South Crosswalk,eb,3
06/19/2025,Washington Street and Calle Tampico,South Crosswalk,wb,0
06/19/2025,Washington Street and Calle Tampico,South Crosswalk,eb,4
06/20/2025,Washington Street and Calle Tampico,South Crosswalk,wb,1
06/20/2025,Washington Street and Calle Tampico,South Crosswalk,eb,5
06/21/2025,Washington Street and Calle Tampico,South Crosswalk,wb,3
06/21/2025,Washington Street and Calle Tampico,South Crosswalk,eb,4
06/22/2025,Washington Street and Calle Tampico,South Crosswalk,wb,3
06/22/2025,Washington Street and Calle Tampico,South Crosswalk,eb,9
06/23/2025,Washington Street and Calle Tampico,South Crosswalk,wb,3
06/23/2025,Washington Street and Calle Tampico,South Crosswalk,eb,6
06/24/2025,Washington Street and Calle Tampico,South Crosswalk,wb,4
06/24/2025,Washington Street and Calle Tampico,South Crosswalk,eb,11
06/25/2025,Washington Street and Calle Tampico,South Crosswalk,wb,8
06/25/2025,Washington Street and Calle Tampico,South Crosswalk,eb,14
06/26/2025,Washington Street and Calle Tampico,South Crosswalk,wb,7
06/26/2025,Washington Street and Calle Tampico,South Crosswalk,eb,9
06/27/2025,Washington Street and Calle Tampico,South Crosswalk,wb,6
06/27/2025,Washington Street and Calle Tampico,South Crosswalk,eb,12
06/28/2025,Washington Street and Calle Tampico,South Crosswalk,wb,6
06/28/2025,Washington Street and Calle Tampico,South Crosswalk,eb,19
06/29/2025,Washington Street and Calle Tampico,South Crosswalk,wb,2
06/29/2025,Washington Street and Calle Tampico,South Crosswalk,eb,3
06/30/2025,Washington Street and Calle Tampico,South Crosswalk,wb,5
06/30/2025,Washington Street and Calle Tampico,South Crosswalk,eb,5
06/01/2025,Washington Street and Calle Tampico,East Crosswalk,sb,
06/01/2025,Washington Street and Calle Tampico,East Crosswalk,nb,
06/02/2025,Washington Street and Calle Tampico,East Crosswalk,sb,
06/02/2025,Washington Street and Calle Tampico,East Crosswalk,nb,
06/03/2025,Washington Street and Calle Tampico,East Crosswalk,sb,
06/03/2025,Washington Street and Calle Tampico,East Crosswalk,nb,
06/04/2025,Washington Street and Calle Tampico,East Crosswalk,sb,
06/04/2025,Washington Street and Calle Tampico,East Crosswalk,nb,
06/05/2025,Washington Street and Calle Tampico,East Crosswalk,sb,
06/05/2025,Washington Street and Calle Tampico,East Crosswalk,nb,
06/06/2025,Washington Street and Calle Tampico,East Crosswalk,sb,
06/06/2025,Washington Street and Calle Tampico,East Crosswalk,nb,
06/07/2025,Washington Street and Calle Tampico,East Crosswalk,sb,
06/07/2025,Washington Street and Calle Tampico,East Crosswalk,nb,
06/08/2025,Washington Street and Calle Tampico,East Crosswalk,sb,
06/08/2025,Washington Street and Calle Tampico,East Crosswalk,nb,
06/09/2025,Washington Street and Calle Tampico,East Crosswalk,sb,
06/09/2025,Washington Street and Calle Tampico,East Crosswalk,nb,
06/10/2025,Washington Street and Calle Tampico,East Crosswalk,sb,
06/10/2025,Washington Street and Calle Tampico,East Crosswalk,nb,
06/11/2025,Washington Street and Calle Tampico,East Crosswalk,sb,
06/11/2025,Washington Street and Calle Tampico,East Crosswalk,nb,
06/12/2025,Washington Street and Calle Tampico,East Crosswalk,sb,
06/12/2025,Washington Street and Calle Tampico,East Crosswalk,nb,
06/13/2025,Washington Street and Calle Tampico,East Crosswalk,sb,
06/13/2025,Washington Street and Calle Tampico,East Crosswalk,nb,
06/14/2025,Washington Street and Calle Tampico,East Crosswalk,sb,
06/14/2025,Washington Street and Calle Tampico,East Crosswalk,nb,
06/15/2025,Washington Street and Calle Tampico,East Crosswalk,sb,0
06/15/2025,Washington Street and Calle Tampico,East Crosswalk,nb,0
06/16/2025,Washington Street and Calle Tampico,East Crosswalk,sb,0
06/16/2025,Washington Street and Calle Tampico,East Crosswalk,nb,1
06/17/2025,Washington Street and Calle Tampico,East Crosswalk,sb,1
06/17/2025,Washington Street and Calle Tampico,East Crosswalk,nb,0
06/18/2025,Washington Street and Calle Tampico,East Crosswalk,sb,0
06/18/2025,Washington Street and Calle Tampico,East Crosswalk,nb,1
06/19/2025,Washington Street and Calle Tampico,East Crosswalk,sb,0
06/19/2025,Washington Street and Calle Tampico,East Crosswalk,nb,0
06/20/2025,Washington Street and Calle Tampico,East Crosswalk,sb,2
06/20/2025,Washington Street and Calle Tampico,East Crosswalk,nb,1
06/21/2025,Washington Street and Calle Tampico,East Crosswalk,sb,3
06/21/2025,Washington Street and Calle Tampico,East Crosswalk,nb,3
06/22/2025,Washington Street and Calle Tampico,East Crosswalk,sb,0
06/22/2025,Washington Street and Calle Tampico,East Crosswalk,nb,3
06/23/2025,Washington Street and Calle Tampico,East Crosswalk,sb,2
06/23/2025,Washington Street and Calle Tampico,East Crosswalk,nb,4
06/24/2025,Washington Street and Calle Tampico,East Crosswalk,sb,1
06/24/2025,Washington Street and Calle Tampico,East Crosswalk,nb,4
06/25/2025,Washington Street and Calle Tampico,East Crosswalk,sb,3
06/25/2025,Washington Street and Calle Tampico,East Crosswalk,nb,4
06/26/2025,Washington Street and Calle Tampico,East Crosswalk,sb,0
06/26/2025,Washington Street and Calle Tampico,East Crosswalk,nb,4
06/27/2025,Washington Street and Calle Tampico,East Crosswalk,sb,1
06/27/2025,Washington Street and Calle Tampico,East Crosswalk,nb,2
06/28/2025,Washington Street and Calle Tampico,East Crosswalk,sb,3
06/28/2025,Washington Street and Calle Tampico,East Crosswalk,nb,8
06/29/2025,Washington Street and Calle Tampico,East Crosswalk,sb,1
06/29/2025,Washington Street and Calle Tampico,East Crosswalk,nb,9
06/30/2025,Washington Street and Calle Tampico,East Crosswalk,sb,1
06/30/2025,Washington Street and Calle Tampico,East Crosswalk,nb,2
06/01/2025,Washington Street and Calle Tampico,West Crosswalk,nb,
06/01/2025,Washington Street and Calle Tampico,West Crosswalk,sb,
06/02/2025,Washington Street and Calle Tampico,West Crosswalk,nb,
06/02/2025,Washington Street and Calle Tampico,West Crosswalk,sb,
06/03/2025,Washington Street and Calle Tampico,West Crosswalk,nb,
06/03/2025,Washington Street and Calle Tampico,West Crosswalk,sb,
06/04/2025,Washington Street and Calle Tampico,West Crosswalk,nb,
06/04/2025,Washington Street and Calle Tampico,West Crosswalk,sb,
06/05/2025,Washington Street and Calle Tampico,West Crosswalk,nb,
06/05/2025,Washington Street and Calle Tampico,West Crosswalk,sb,
06/06/2025,Washington Street and Calle Tampico,West Crosswalk,nb,
06/06/2025,Washington Street and Calle Tampico,West Crosswalk,sb,
06/07/2025,Washington Street and Calle Tampico,West Crosswalk,nb,
06/07/2025,Washington Street and Calle Tampico,West Crosswalk,sb,
06/08/2025,Washington Street and Calle Tampico,West Crosswalk,nb,
06/08/2025,Washington Street and Calle Tampico,West Crosswalk,sb,
06/09/2025,Washington Street and Calle Tampico,West Crosswalk,nb,
06/09/2025,Washington Street and Calle Tampico,West Crosswalk,sb,
06/10/2025,Washington Street and Calle Tampico,West Crosswalk,nb,
06/10/2025,Washington Street and Calle Tampico,West Crosswalk,sb,
06/11/2025,Washington Street and Calle Tampico,West Crosswalk,nb,
06/11/2025,Washington Street and Calle Tampico,West Crosswalk,sb,
06/12/2025,Washington Street and Calle Tampico,West Crosswalk,nb,
06/12/2025,Washington Street and Calle Tampico,West Crosswalk,sb,
06/13/2025,Washington Street and Calle Tampico,West Crosswalk,nb,
06/13/2025,Washington Street and Calle Tampico,West Crosswalk,sb,
06/14/2025,Washington Street and Calle Tampico,West Crosswalk,nb,
06/14/2025,Washington Street and Calle Tampico,West Crosswalk,sb,
06/15/2025,Washington Street and Calle Tampico,West Crosswalk,nb,0
06/15/2025,Washington Street and Calle Tampico,West Crosswalk,sb,0
06/16/2025,Washington Street and Calle Tampico,West Crosswalk,nb,2
06/16/2025,Washington Street and Calle Tampico,West Crosswalk,sb,0
06/17/2025,Washington Street and Calle Tampico,West Crosswalk,nb,2
06/17/2025,Washington Street and Calle Tampico,West Crosswalk,sb,4
06/18/2025,Washington Street and Calle Tampico,West Crosswalk,nb,0
06/18/2025,Washington Street and Calle Tampico,West Crosswalk,sb,1
06/19/2025,Washington Street and Calle Tampico,West Crosswalk,nb,2
06/19/2025,Washington Street and Calle Tampico,West Crosswalk,sb,1
06/20/2025,Washington Street and Calle Tampico,West Crosswalk,nb,4
06/20/2025,Washington Street and Calle Tampico,West Crosswalk,sb,0
06/21/2025,Washington Street and Calle Tampico,West Crosswalk,nb,2
06/21/2025,Washington Street and Calle Tampico,West Crosswalk,sb,0
06/22/2025,Washington Street and Calle Tampico,West Crosswalk,nb,0
06/22/2025,Washington Street and Calle Tampico,West Crosswalk,sb,3
06/23/2025,Washington Street and Calle Tampico,West Crosswalk,nb,6
06/23/2025,Washington Street and Calle Tampico,West Crosswalk,sb,5
06/24/2025,Washington Street and Calle Tampico,West Crosswalk,nb,9
06/24/2025,Washington Street and Calle Tampico,West Crosswalk,sb,5
06/25/2025,Washington Street and Calle Tampico,West Crosswalk,nb,10
06/25/2025,Washington Street and Calle Tampico,West Crosswalk,sb,7
06/26/2025,Washington Street and Calle Tampico,West Crosswalk,nb,6
06/26/2025,Washington Street and Calle Tampico,West Crosswalk,sb,9
06/27/2025,Washington Street and Calle Tampico,West Crosswalk,nb,2
06/27/2025,Washington Street and Calle Tampico,West Crosswalk,sb,3
06/28/2025,Washington Street and Calle Tampico,West Crosswalk,nb,9
06/28/2025,Washington Street and Calle Tampico,West Crosswalk,sb,13
06/29/2025,Washington Street and Calle Tampico,West Crosswalk,nb,4
06/29/2025,Washington Street and Calle Tampico,West Crosswalk,sb,6
06/30/2025,Washington Street and Calle Tampico,West Crosswalk,nb,7
06/30/2025,Washington Street and Calle Tampico,West Crosswalk,sb,5
06/01/2025,Washington Street and Village Shopping Center,South Crosswalk,wb,
06/01/2025,Washington Street and Village Shopping Center,South Crosswalk,eb,
06/02/2025,Washington Street and Village Shopping Center,South Crosswalk,wb,
06/02/2025,Washington Street and Village Shopping Center,South Crosswalk,eb,
06/03/2025,Washington Street and Village Shopping Center,South Crosswalk,wb,
06/03/2025,Washington Street and Village Shopping Center,South Crosswalk,eb,
06/04/2025,Washington Street and Village Shopping Center,South Crosswalk,wb,
06/04/2025,Washington Street and Village Shopping Center,South Crosswalk,eb,
06/05/2025,Washington Street and Village Shopping Center,South Crosswalk,wb,
06/05/2025,Washington Street and Village Shopping Center,South Crosswalk,eb,
06/06/2025,Washington Street and Village Shopping Center,South Crosswalk,wb,
06/06/2025,Washington Street and Village Shopping Center,South Crosswalk,eb,
06/07/2025,Washington Street and Village Shopping Center,South Crosswalk,wb,
06/07/2025,Washington Street and Village Shopping Center,South Crosswalk,eb,
06/08/2025,Washington Street and Village Shopping Center,South Crosswalk,wb,
06/08/2025,Washington Street and Village Shopping Center,South Crosswalk,eb,
06/09/2025,Washington Street and Village Shopping Center,South Crosswalk,wb,
06/09/2025,Washington Street and Village Shopping Center,South Crosswalk,eb,
06/10/2025,Washington Street and Village Shopping Center,South Crosswalk,wb,
06/10/2025,Washington Street and Village Shopping Center,South Crosswalk,eb,
06/11/2025,Washington Street and Village Shopping Center,South Crosswalk,wb,
06/11/2025,Washington Street and Village Shopping Center,South Crosswalk,eb,
06/12/2025,Washington Street and Village Shopping Center,South Crosswalk,wb,
06/12/2025,Washington Street and Village Shopping Center,South Crosswalk,eb,
06/13/2025,Washington Street and Village Shopping Center,South Crosswalk,wb,
06/13/2025,Washington Street and Village Shopping Center,South Crosswalk,eb,
06/14/2025,Washington Street and Village Shopping Center,South Crosswalk,wb,
06/14/2025,Washington Street and Village Shopping Center,South Crosswalk,eb,
06/15/2025,Washington Street and Village Shopping Center,South Crosswalk,wb,0
06/15/2025,Washington Street and Village Shopping Center,South Crosswalk,eb,0
06/16/2025,Washington Street and Village Shopping Center,South Crosswalk,wb,0
06/16/2025,Washington Street and Village Shopping Center,South Crosswalk,eb,1
06/17/2025,Washington Street and Village Shopping Center,South Crosswalk,wb,0
06/17/2025,Washington Street and Village Shopping Center,South Crosswalk,eb,1
06/18/2025,Washington Street and Village Shopping Center,South Crosswalk,wb,0
06/18/2025,Washington Street and Village Shopping Center,South Crosswalk,eb,0
06/19/2025,Washington Street and Village Shopping Center,South Crosswalk,wb,0
06/19/2025,Washington Street and Village Shopping Center,South Crosswalk,eb,0
06/20/2025,Washington Street and Village Shopping Center,South Crosswalk,wb,1
06/20/2025,Washington Street and Village Shopping Center,South Crosswalk,eb,0
06/21/2025,Washington Street and Village Shopping Center,South Crosswalk,wb,0
06/21/2025,Washington Street and Village Shopping Center,South Crosswalk,eb,0
06/22/2025,Washington Street and Village Shopping Center,South Crosswalk,wb,0
06/22/2025,Washington Street and Village Shopping Center,South Crosswalk,eb,0
06/23/2025,Washington Street and Village Shopping Center,South Crosswalk,wb,1
06/23/2025,Washington Street and Village Shopping Center,South Crosswalk,eb,0
06/24/2025,Washington Street and Village Shopping Center,South Crosswalk,wb,0
06/24/2025,Washington Street and Village Shopping Center,South Crosswalk,eb,2
06/25/2025,Washington Street and Village Shopping Center,South Crosswalk,wb,0
06/25/2025,Washington Street and Village Shopping Center,South Crosswalk,eb,2
06/26/2025,Washington Street and Village Shopping Center,South Crosswalk,wb,0
06/26/2025,Washington Street and Village Shopping Center,South Crosswalk,eb,0
06/27/2025,Washington Street and Village Shopping Center,South Crosswalk,wb,1
06/27/2025,Washington Street and Village Shopping Center,South Crosswalk,eb,0
06/28/2025,Washington Street and Village Shopping Center,South Crosswalk,wb,0
06/28/2025,Washington Street and Village Shopping Center,South Crosswalk,eb,0
06/29/2025,Washington Street and Village Shopping Center,South Crosswalk,wb,0
06/29/2025,Washington Street and Village Shopping Center,South Crosswalk,eb,0
06/30/2025,Washington Street and Village Shopping Center,South Crosswalk,wb,1
06/30/2025,Washington Street and Village Shopping Center,South Crosswalk,eb,0
06/01/2025,Washington Street and Village Shopping Center,West Crosswalk,nb,
06/01/2025,Washington Street and Village Shopping Center,West Crosswalk,sb,
06/02/2025,Washington Street and Village Shopping Center,West Crosswalk,nb,
06/02/2025,Washington Street and Village Shopping Center,West Crosswalk,sb,
06/03/2025,Washington Street and Village Shopping Center,West Crosswalk,nb,
06/03/2025,Washington Street and Village Shopping Center,West Crosswalk,sb,
06/04/2025,Washington Street and Village Shopping Center,West Crosswalk,nb,
06/04/2025,Washington Street and Village Shopping Center,West Crosswalk,sb,
06/05/2025,Washington Street and Village Shopping Center,West Crosswalk,nb,
06/05/2025,Washington Street and Village Shopping Center,West Crosswalk,sb,
06/06/2025,Washington Street and Village Shopping Center,West Crosswalk,nb,
06/06/2025,Washington Street and Village Shopping Center,West Crosswalk,sb,
06/07/2025,Washington Street and Village Shopping Center,West Crosswalk,nb,
06/07/2025,Washington Street and Village Shopping Center,West Crosswalk,sb,
06/08/2025,Washington Street and Village Shopping Center,West Crosswalk,nb,
06/08/2025,Washington Street and Village Shopping Center,West Crosswalk,sb,
06/09/2025,Washington Street and Village Shopping Center,West Crosswalk,nb,
06/09/2025,Washington Street and Village Shopping Center,West Crosswalk,sb,
06/10/2025,Washington Street and Village Shopping Center,West Crosswalk,nb,
06/10/2025,Washington Street and Village Shopping Center,West Crosswalk,sb,
06/11/2025,Washington Street and Village Shopping Center,West Crosswalk,nb,
06/11/2025,Washington Street and Village Shopping Center,West Crosswalk,sb,
06/12/2025,Washington Street and Village Shopping Center,West Crosswalk,nb,
06/12/2025,Washington Street and Village Shopping Center,West Crosswalk,sb,
06/13/2025,Washington Street and Village Shopping Center,West Crosswalk,nb,
06/13/2025,Washington Street and Village Shopping Center,West Crosswalk,sb,
06/14/2025,Washington Street and Village Shopping Center,West Crosswalk,nb,
06/14/2025,Washington Street and Village Shopping Center,West Crosswalk,sb,
06/15/2025,Washington Street and Village Shopping Center,West Crosswalk,nb,0
06/15/2025,Washington Street and Village Shopping Center,West Crosswalk,sb,0
06/16/2025,Washington Street and Village Shopping Center,West Crosswalk,nb,0
06/16/2025,Washington Street and Village Shopping Center,West Crosswalk,sb,2
06/17/2025,Washington Street and Village Shopping Center,West Crosswalk,nb,2
06/17/2025,Washington Street and Village Shopping Center,West Crosswalk,sb,1
06/18/2025,Washington Street and Village Shopping Center,West Crosswalk,nb,0
06/18/2025,Washington Street and Village Shopping Center,West Crosswalk,sb,6
06/19/2025,Washington Street and Village Shopping Center,West Crosswalk,nb,2
06/19/2025,Washington Street and Village Shopping Center,West Crosswalk,sb,2
06/20/2025,Washington Street and Village Shopping Center,West Crosswalk,nb,1
06/20/2025,Washington Street and Village Shopping Center,West Crosswalk,sb,0
06/21/2025,Washington Street and Village Shopping Center,West Crosswalk,nb,2
06/21/2025,Washington Street and Village Shopping Center,West Crosswalk,sb,6
06/22/2025,Washington Street and Village Shopping Center,West Crosswalk,nb,1
06/22/2025,Washington Street and Village Shopping Center,West Crosswalk,sb,5
06/23/2025,Washington Street and Village Shopping Center,West Crosswalk,nb,2
06/23/2025,Washington Street and Village Shopping Center,West Crosswalk,sb,5
06/24/2025,Washington Street and Village Shopping Center,West Crosswalk,nb,9
06/24/2025,Washington Street and Village Shopping Center,West Crosswalk,sb,8
06/25/2025,Washington Street and Village Shopping Center,West Crosswalk,nb,7
06/25/2025,Washington Street and Village Shopping Center,West Crosswalk,sb,9
06/26/2025,Washington Street and Village Shopping Center,West Crosswalk,nb,14
06/26/2025,Washington Street and Village Shopping Center,West Crosswalk,sb,15
06/27/2025,Washington Street and Village Shopping Center,West Crosswalk,nb,6
06/27/2025,Washington Street and Village Shopping Center,West Crosswalk,sb,9
06/28/2025,Washington Street and Village Shopping Center,West Crosswalk,nb,12
06/28/2025,Washington Street and Village Shopping Center,West Crosswalk,sb,31
06/29/2025,Washington Street and Village Shopping Center,West Crosswalk,nb,1
06/29/2025,Washington Street and Village Shopping Center,West Crosswalk,sb,8
06/30/2025,Washington Street and Village Shopping Center,West Crosswalk,nb,3
06/30/2025,Washington Street and Village Shopping Center,West Crosswalk,sb,5
06/01/2025,Washington Street and Avenue 50 ,East Crosswalk,sb,
06/01/2025,Washington Street and Avenue 50 ,East Crosswalk,nb,
06/02/2025,Washington Street and Avenue 50 ,East Crosswalk,sb,
06/02/2025,Washington Street and Avenue 50 ,East Crosswalk,nb,
06/03/2025,Washington Street and Avenue 50 ,East Crosswalk,sb,
06/03/2025,Washington Street and Avenue 50 ,East Crosswalk,nb,
06/04/2025,Washington Street and Avenue 50 ,East Crosswalk,sb,
06/04/2025,Washington Street and Avenue 50 ,East Crosswalk,nb,
06/05/2025,Washington Street and Avenue 50 ,East Crosswalk,sb,
06/05/2025,Washington Street and Avenue 50 ,East Crosswalk,nb,
06/06/2025,Washington Street and Avenue 50 ,East Crosswalk,sb,
06/06/2025,Washington Street and Avenue 50 ,East Crosswalk,nb,
06/07/2025,Washington Street and Avenue 50 ,East Crosswalk,sb,
06/07/2025,Washington Street and Avenue 50 ,East Crosswalk,nb,
06/08/2025,Washington Street and Avenue 50 ,East Crosswalk,sb,
06/08/2025,Washington Street and Avenue 50 ,East Crosswalk,nb,
06/09/2025,Washington Street and Avenue 50 ,East Crosswalk,sb,
06/09/2025,Washington Street and Avenue 50 ,East Crosswalk,nb,
06/10/2025,Washington Street and Avenue 50 ,East Crosswalk,sb,
06/10/2025,Washington Street and Avenue 50 ,East Crosswalk,nb,
06/11/2025,Washington Street and Avenue 50 ,East Crosswalk,sb,
06/11/2025,Washington Street and Avenue 50 ,East Crosswalk,nb,
06/12/2025,Washington Street and Avenue 50 ,East Crosswalk,sb,
06/12/2025,Washington Street and Avenue 50 ,East Crosswalk,nb,
06/13/2025,Washington Street and Avenue 50 ,East Crosswalk,sb,
06/13/2025,Washington Street and Avenue 50 ,East Crosswalk,nb,
06/14/2025,Washington Street and Avenue 50 ,East Crosswalk,sb,
06/14/2025,Washington Street and Avenue 50 ,East Crosswalk,nb,
06/15/2025,Washington Street and Avenue 50 ,East Crosswalk,sb,0
06/15/2025,Washington Street and Avenue 50 ,East Crosswalk,nb,0
06/16/2025,Washington Street and Avenue 50 ,East Crosswalk,sb,2
06/16/2025,Washington Street and Avenue 50 ,East Crosswalk,nb,2
06/17/2025,Washington Street and Avenue 50 ,East Crosswalk,sb,2
06/17/2025,Washington Street and Avenue 50 ,East Crosswalk,nb,2
06/18/2025,Washington Street and Avenue 50 ,East Crosswalk,sb,4
06/18/2025,Washington Street and Avenue 50 ,East Crosswalk,nb,0
06/19/2025,Washington Street and Avenue 50 ,East Crosswalk,sb,1
06/19/2025,Washington Street and Avenue 50 ,East Crosswalk,nb,1
06/20/2025,Washington Street and Avenue 50 ,East Crosswalk,sb,0
06/20/2025,Washington Street and Avenue 50 ,East Crosswalk,nb,3
06/21/2025,Washington Street and Avenue 50 ,East Crosswalk,sb,0
06/21/2025,Washington Street and Avenue 50 ,East Crosswalk,nb,2
06/22/2025,Washington Street and Avenue 50 ,East Crosswalk,sb,0
06/22/2025,Washington Street and Avenue 50 ,East Crosswalk,nb,2
06/23/2025,Washington Street and Avenue 50 ,East Crosswalk,sb,3
06/23/2025,Washington Street and Avenue 50 ,East Crosswalk,nb,5
06/24/2025,Washington Street and Avenue 50 ,East Crosswalk,sb,1
06/24/2025,Washington Street and Avenue 50 ,East Crosswalk,nb,1
06/25/2025,Washington Street and Avenue 50 ,East Crosswalk,sb,5
06/25/2025,Washington Street and Avenue 50 ,East Crosswalk,nb,4
06/26/2025,Washington Street and Avenue 50 ,East Crosswalk,sb,2
06/26/2025,Washington Street and Avenue 50 ,East Crosswalk,nb,3
06/27/2025,Washington Street and Avenue 50 ,East Crosswalk,sb,2
06/27/2025,Washington Street and Avenue 50 ,East Crosswalk,nb,4
06/28/2025,Washington Street and Avenue 50 ,East Crosswalk,sb,5
06/28/2025,Washington Street and Avenue 50 ,East Crosswalk,nb,8
06/29/2025,Washington Street and Avenue 50 ,East Crosswalk,sb,4
06/29/2025,Washington Street and Avenue 50 ,East Crosswalk,nb,15
06/30/2025,Washington Street and Avenue 50 ,East Crosswalk,sb,4
06/30/2025,Washington Street and Avenue 50 ,East Crosswalk,nb,5
06/01/2025,Washington Street and Avenue 50 ,West Crosswalk,nb,
06/01/2025,Washington Street and Avenue 50 ,West Crosswalk,sb,
06/02/2025,Washington Street and Avenue 50 ,West Crosswalk,nb,
06/02/2025,Washington Street and Avenue 50 ,West Crosswalk,sb,
06/03/2025,Washington Street and Avenue 50 ,West Crosswalk,nb,
06/03/2025,Washington Street and Avenue 50 ,West Crosswalk,sb,
06/04/2025,Washington Street and Avenue 50 ,West Crosswalk,nb,
06/04/2025,Washington Street and Avenue 50 ,West Crosswalk,sb,
06/05/2025,Washington Street and Avenue 50 ,West Crosswalk,nb,
06/05/2025,Washington Street and Avenue 50 ,West Crosswalk,sb,
06/06/2025,Washington Street and Avenue 50 ,West Crosswalk,nb,
06/06/2025,Washington Street and Avenue 50 ,West Crosswalk,sb,
06/07/2025,Washington Street and Avenue 50 ,West Crosswalk,nb,
06/07/2025,Washington Street and Avenue 50 ,West Crosswalk,sb,
06/08/2025,Washington Street and Avenue 50 ,West Crosswalk,nb,
06/08/2025,Washington Street and Avenue 50 ,West Crosswalk,sb,
06/09/2025,Washington Street and Avenue 50 ,West Crosswalk,nb,
06/09/2025,Washington Street and Avenue 50 ,West Crosswalk,sb,
06/10/2025,Washington Street and Avenue 50 ,West Crosswalk,nb,
06/10/2025,Washington Street and Avenue 50 ,West Crosswalk,sb,
06/11/2025,Washington Street and Avenue 50 ,West Crosswalk,nb,
06/11/2025,Washington Street and Avenue 50 ,West Crosswalk,sb,
06/12/2025,Washington Street and Avenue 50 ,West Crosswalk,nb,
06/12/2025,Washington Street and Avenue 50 ,West Crosswalk,sb,
06/13/2025,Washington Street and Avenue 50 ,West Crosswalk,nb,
06/13/2025,Washington Street and Avenue 50 ,West Crosswalk,sb,
06/14/2025,Washington Street and Avenue 50 ,West Crosswalk,nb,
06/14/2025,Washington Street and Avenue 50 ,West Crosswalk,sb,
06/15/2025,Washington Street and Avenue 50 ,West Crosswalk,nb,0
06/15/2025,Washington Street and Avenue 50 ,West Crosswalk,sb,0
06/16/2025,Washington Street and Avenue 50 ,West Crosswalk,nb,0
06/16/2025,Washington Street and Avenue 50 ,West Crosswalk,sb,1
06/17/2025,Washington Street and Avenue 50 ,West Crosswalk,nb,1
06/17/2025,Washington Street and Avenue 50 ,West Crosswalk,sb,1
06/18/2025,Washington Street and Avenue 50 ,West Crosswalk,nb,0
06/18/2025,Washington Street and Avenue 50 ,West Crosswalk,sb,3
06/19/2025,Washington Street and Avenue 50 ,West Crosswalk,nb,1
06/19/2025,Washington Street and Avenue 50 ,West Crosswalk,sb,5
06/20/2025,Washington Street and Avenue 50 ,West Crosswalk,nb,0
06/20/2025,Washington Street and Avenue 50 ,West Crosswalk,sb,0
06/21/2025,Washington Street and Avenue 50 ,West Crosswalk,nb,0
06/21/2025,Washington Street and Avenue 50 ,West Crosswalk,sb,0
06/22/2025,Washington Street and Avenue 50 ,West Crosswalk,nb,0
06/22/2025,Washington Street and Avenue 50 ,West Crosswalk,sb,0
06/23/2025,Washington Street and Avenue 50 ,West Crosswalk,nb,0
06/23/2025,Washington Street and Avenue 50 ,West Crosswalk,sb,0
06/24/2025,Washington Street and Avenue 50 ,West Crosswalk,nb,0
06/24/2025,Washington Street and Avenue 50 ,West Crosswalk,sb,0
06/25/2025,Washington Street and Avenue 50 ,West Crosswalk,nb,0
06/25/2025,Washington Street and Avenue 50 ,West Crosswalk,sb,0
06/26/2025,Washington Street and Avenue 50 ,West Crosswalk,nb,0
06/26/2025,Washington Street and Avenue 50 ,West Crosswalk,sb,0
06/27/2025,Washington Street and Avenue 50 ,West Crosswalk,nb,0
06/27/2025,Washington Street and Avenue 50 ,West Crosswalk,sb,0
06/28/2025,Washington Street and Avenue 50 ,West Crosswalk,nb,0
06/28/2025,Washington Street and Avenue 50 ,West Crosswalk,sb,0
06/29/2025,Washington Street and Avenue 50 ,West Crosswalk,nb,0
06/29/2025,Washington Street and Avenue 50 ,West Crosswalk,sb,0
06/30/2025,Washington Street and Avenue 50 ,West Crosswalk,nb,0
06/30/2025,Washington Street and Avenue 50 ,West Crosswalk,sb,0
06/01/2025,Washington Street and Avenue 50 ,South Crosswalk,wb,
06/01/2025,Washington Street and Avenue 50 ,South Crosswalk,eb,
06/02/2025,Washington Street and Avenue 50 ,South Crosswalk,wb,
06/02/2025,Washington Street and Avenue 50 ,South Crosswalk,eb,
06/03/2025,Washington Street and Avenue 50 ,South Crosswalk,wb,
06/03/2025,Washington Street and Avenue 50 ,South Crosswalk,eb,
06/04/2025,Washington Street and Avenue 50 ,South Crosswalk,wb,
06/04/2025,Washington Street and Avenue 50 ,South Crosswalk,eb,
06/05/2025,Washington Street and Avenue 50 ,South Crosswalk,wb,
06/05/2025,Washington Street and Avenue 50 ,South Crosswalk,eb,
06/06/2025,Washington Street and Avenue 50 ,South Crosswalk,wb,
06/06/2025,Washington Street and Avenue 50 ,South Crosswalk,eb,
06/07/2025,Washington Street and Avenue 50 ,South Crosswalk,wb,
06/07/2025,Washington Street and Avenue 50 ,South Crosswalk,eb,
06/08/2025,Washington Street and Avenue 50 ,South Crosswalk,wb,
06/08/2025,Washington Street and Avenue 50 ,South Crosswalk,eb,
06/09/2025,Washington Street and Avenue 50 ,South Crosswalk,wb,
06/09/2025,Washington Street and Avenue 50 ,South Crosswalk,eb,
06/10/2025,Washington Street and Avenue 50 ,South Crosswalk,wb,
06/10/2025,Washington Street and Avenue 50 ,South Crosswalk,eb,
06/11/2025,Washington Street and Avenue 50 ,South Crosswalk,wb,
06/11/2025,Washington Street and Avenue 50 ,South Crosswalk,eb,
06/12/2025,Washington Street and Avenue 50 ,South Crosswalk,wb,
06/12/2025,Washington Street and Avenue 50 ,South Crosswalk,eb,
06/13/2025,Washington Street and Avenue 50 ,South Crosswalk,wb,
06/13/2025,Washington Street and Avenue 50 ,South Crosswalk,eb,
06/14/2025,Washington Street and Avenue 50 ,South Crosswalk,wb,
06/14/2025,Washington Street and Avenue 50 ,South Crosswalk,eb,
06/15/2025,Washington Street and Avenue 50 ,South Crosswalk,wb,0
06/15/2025,Washington Street and Avenue 50 ,South Crosswalk,eb,0
06/16/2025,Washington Street and Avenue 50 ,South Crosswalk,wb,0
06/16/2025,Washington Street and Avenue 50 ,South Crosswalk,eb,3
06/17/2025,Washington Street and Avenue 50 ,South Crosswalk,wb,3
06/17/2025,Washington Street and Avenue 50 ,South Crosswalk,eb,2
06/18/2025,Washington Street and Avenue 50 ,South Crosswalk,wb,1
06/18/2025,Washington Street and Avenue 50 ,South Crosswalk,eb,1
06/19/2025,Washington Street and Avenue 50 ,South Crosswalk,wb,0
06/19/2025,Washington Street and Avenue 50 ,South Crosswalk,eb,7
06/20/2025,Washington Street and Avenue 50 ,South Crosswalk,wb,4
06/20/2025,Washington Street and Avenue 50 ,South Crosswalk,eb,0
06/21/2025,Washington Street and Avenue 50 ,South Crosswalk,wb,0
06/21/2025,Washington Street and Avenue 50 ,South Crosswalk,eb,3
06/22/2025,Washington Street and Avenue 50 ,South Crosswalk,wb,2
06/22/2025,Washington Street and Avenue 50 ,South Crosswalk,eb,3
06/23/2025,Washington Street and Avenue 50 ,South Crosswalk,wb,3
06/23/2025,Washington Street and Avenue 50 ,South Crosswalk,eb,3
06/24/2025,Washington Street and Avenue 50 ,South Crosswalk,wb,1
06/24/2025,Washington Street and Avenue 50 ,South Crosswalk,eb,6
06/25/2025,Washington Street and Avenue 50 ,South Crosswalk,wb,1
06/25/2025,Washington Street and Avenue 50 ,South Crosswalk,eb,5
06/26/2025,Washington Street and Avenue 50 ,South Crosswalk,wb,3
06/26/2025,Washington Street and Avenue 50 ,South Crosswalk,eb,5
06/27/2025,Washington Street and Avenue 50 ,South Crosswalk,wb,2
06/27/2025,Washington Street and Avenue 50 ,South Crosswalk,eb,6
06/28/2025,Washington Street and Avenue 50 ,South Crosswalk,wb,7
06/28/2025,Washington Street and Avenue 50 ,South Crosswalk,eb,7
06/29/2025,Washington Street and Avenue 50 ,South Crosswalk,wb,4
06/29/2025,Washington Street and Avenue 50 ,South Crosswalk,eb,3
06/30/2025,Washington Street and Avenue 50 ,South Crosswalk,wb,2
06/30/2025,Washington Street and Avenue 50 ,South Crosswalk,eb,2
06/01/2025,Washington Street and Avenue 50 ,North Crosswalk,eb,
06/01/2025,Washington Street and Avenue 50 ,North Crosswalk,wb,
06/02/2025,Washington Street and Avenue 50 ,North Crosswalk,eb,
06/02/2025,Washington Street and Avenue 50 ,North Crosswalk,wb,
06/03/2025,Washington Street and Avenue 50 ,North Crosswalk,eb,
06/03/2025,Washington Street and Avenue 50 ,North Crosswalk,wb,
06/04/2025,Washington Street and Avenue 50 ,North Crosswalk,eb,
06/04/2025,Washington Street and Avenue 50 ,North Crosswalk,wb,
06/05/2025,Washington Street and Avenue 50 ,North Crosswalk,eb,
06/05/2025,Washington Street and Avenue 50 ,North Crosswalk,wb,
06/06/2025,Washington Street and Avenue 50 ,North Crosswalk,eb,
06/06/2025,Washington Street and Avenue 50 ,North Crosswalk,wb,
06/07/2025,Washington Street and Avenue 50 ,North Crosswalk,eb,
06/07/2025,Washington Street and Avenue 50 ,North Crosswalk,wb,
06/08/2025,Washington Street and Avenue 50 ,North Crosswalk,eb,
06/08/2025,Washington Street and Avenue 50 ,North Crosswalk,wb,
06/09/2025,Washington Street and Avenue 50 ,North Crosswalk,eb,
06/09/2025,Washington Street and Avenue 50 ,North Crosswalk,wb,
06/10/2025,Washington Street and Avenue 50 ,North Crosswalk,eb,
06/10/2025,Washington Street and Avenue 50 ,North Crosswalk,wb,
06/11/2025,Washington Street and Avenue 50 ,North Crosswalk,eb,
06/11/2025,Washington Street and Avenue 50 ,North Crosswalk,wb,
06/12/2025,Washington Street and Avenue 50 ,North Crosswalk,eb,
06/12/2025,Washington Street and Avenue 50 ,North Crosswalk,wb,
06/13/2025,Washington Street and Avenue 50 ,North Crosswalk,eb,
06/13/2025,Washington Street and Avenue 50 ,North Crosswalk,wb,
06/14/2025,Washington Street and Avenue 50 ,North Crosswalk,eb,
06/14/2025,Washington Street and Avenue 50 ,North Crosswalk,wb,
06/15/2025,Washington Street and Avenue 50 ,North Crosswalk,eb,0
06/15/2025,Washington Street and Avenue 50 ,North Crosswalk,wb,0
06/16/2025,Washington Street and Avenue 50 ,North Crosswalk,eb,0
06/16/2025,Washington Street and Avenue 50 ,North Crosswalk,wb,3
06/17/2025,Washington Street and Avenue 50 ,North Crosswalk,eb,0
06/17/2025,Washington Street and Avenue 50 ,North Crosswalk,wb,3
06/18/2025,Washington Street and Avenue 50 ,North Crosswalk,eb,0
06/18/2025,Washington Street and Avenue 50 ,North Crosswalk,wb,1
06/19/2025,Washington Street and Avenue 50 ,North Crosswalk,eb,0
06/19/2025,Washington Street and Avenue 50 ,North Crosswalk,wb,3
06/20/2025,Washington Street and Avenue 50 ,North Crosswalk,eb,1
06/20/2025,Washington Street and Avenue 50 ,North Crosswalk,wb,2
06/21/2025,Washington Street and Avenue 50 ,North Crosswalk,eb,1
06/21/2025,Washington Street and Avenue 50 ,North Crosswalk,wb,3
06/22/2025,Washington Street and Avenue 50 ,North Crosswalk,eb,0
06/22/2025,Washington Street and Avenue 50 ,North Crosswalk,wb,1
06/23/2025,Washington Street and Avenue 50 ,North Crosswalk,eb,1
06/23/2025,Washington Street and Avenue 50 ,North Crosswalk,wb,3
06/24/2025,Washington Street and Avenue 50 ,North Crosswalk,eb,4
06/24/2025,Washington Street and Avenue 50 ,North Crosswalk,wb,4
06/25/2025,Washington Street and Avenue 50 ,North Crosswalk,eb,1
06/25/2025,Washington Street and Avenue 50 ,North Crosswalk,wb,2
06/26/2025,Washington Street and Avenue 50 ,North Crosswalk,eb,5
06/26/2025,Washington Street and Avenue 50 ,North Crosswalk,wb,6
06/27/2025,Washington Street and Avenue 50 ,North Crosswalk,eb,1
06/27/2025,Washington Street and Avenue 50 ,North Crosswalk,wb,9
06/28/2025,Washington Street and Avenue 50 ,North Crosswalk,eb,2
06/28/2025,Washington Street and Avenue 50 ,North Crosswalk,wb,9
06/29/2025,Washington Street and Avenue 50 ,North Crosswalk,eb,3
06/29/2025,Washington Street and Avenue 50 ,North Crosswalk,wb,6
06/30/2025,Washington Street and Avenue 50 ,North Crosswalk,eb,1
06/30/2025,Washington Street and Avenue 50 ,North Crosswalk,wb,2
06/01/2025,Washington Street and Sagebrush Avenue ,North Crosswalk,eb,
06/01/2025,Washington Street and Sagebrush Avenue ,North Crosswalk,wb,
06/02/2025,Washington Street and Sagebrush Avenue ,North Crosswalk,eb,
06/02/2025,Washington Street and Sagebrush Avenue ,North Crosswalk,wb,
06/03/2025,Washington Street and Sagebrush Avenue ,North Crosswalk,eb,
06/03/2025,Washington Street and Sagebrush Avenue ,North Crosswalk,wb,
06/04/2025,Washington Street and Sagebrush Avenue ,North Crosswalk,eb,
06/04/2025,Washington Street and Sagebrush Avenue ,North Crosswalk,wb,
06/05/2025,Washington Street and Sagebrush Avenue ,North Crosswalk,eb,
06/05/2025,Washington Street and Sagebrush Avenue ,North Crosswalk,wb,
06/06/2025,Washington Street and Sagebrush Avenue ,North Crosswalk,eb,
06/06/2025,Washington Street and Sagebrush Avenue ,North Crosswalk,wb,
06/07/2025,Washington Street and Sagebrush Avenue ,North Crosswalk,eb,
06/07/2025,Washington Street and Sagebrush Avenue ,North Crosswalk,wb,
06/08/2025,Washington Street and Sagebrush Avenue ,North Crosswalk,eb,
06/08/2025,Washington Street and Sagebrush Avenue ,North Crosswalk,wb,
06/09/2025,Washington Street and Sagebrush Avenue ,North Crosswalk,eb,
06/09/2025,Washington Street and Sagebrush Avenue ,North Crosswalk,wb,
06/10/2025,Washington Street and Sagebrush Avenue ,North Crosswalk,eb,
06/10/2025,Washington Street and Sagebrush Avenue ,North Crosswalk,wb,
06/11/2025,Washington Street and Sagebrush Avenue ,North Crosswalk,eb,
06/11/2025,Washington Street and Sagebrush Avenue ,North Crosswalk,wb,
06/12/2025,Washington Street and Sagebrush Avenue ,North Crosswalk,eb,
06/12/2025,Washington Street and Sagebrush Avenue ,North Crosswalk,wb,
06/13/2025,Washington Street and Sagebrush Avenue ,North Crosswalk,eb,
06/13/2025,Washington Street and Sagebrush Avenue ,North Crosswalk,wb,
06/14/2025,Washington Street and Sagebrush Avenue ,North Crosswalk,eb,
06/14/2025,Washington Street and Sagebrush Avenue ,North Crosswalk,wb,
06/15/2025,Washington Street and Sagebrush Avenue ,North Crosswalk,eb,0
06/15/2025,Washington Street and Sagebrush Avenue ,North Crosswalk,wb,0
06/16/2025,Washington Street and Sagebrush Avenue ,North Crosswalk,eb,0
06/16/2025,Washington Street and Sagebrush Avenue ,North Crosswalk,wb,0
06/17/2025,Washington Street and Sagebrush Avenue ,North Crosswalk,eb,0
06/17/2025,Washington Street and Sagebrush Avenue ,North Crosswalk,wb,0
06/18/2025,Washington Street and Sagebrush Avenue ,North Crosswalk,eb,0
06/18/2025,Washington Street and Sagebrush Avenue ,North Crosswalk,wb,0
06/19/2025,Washington Street and Sagebrush Avenue ,North Crosswalk,eb,0
06/19/2025,Washington Street and Sagebrush Avenue ,North Crosswalk,wb,0
06/20/2025,Washington Street and Sagebrush Avenue ,North Crosswalk,eb,0
06/20/2025,Washington Street and Sagebrush Avenue ,North Crosswalk,wb,0
06/21/2025,Washington Street and Sagebrush Avenue ,North Crosswalk,eb,0
06/21/2025,Washington Street and Sagebrush Avenue ,North Crosswalk,wb,0
06/22/2025,Washington Street and Sagebrush Avenue ,North Crosswalk,eb,0
06/22/2025,Washington Street and Sagebrush Avenue ,North Crosswalk,wb,0
06/23/2025,Washington Street and Sagebrush Avenue ,North Crosswalk,eb,0
06/23/2025,Washington Street and Sagebrush Avenue ,North Crosswalk,wb,0
06/24/2025,Washington Street and Sagebrush Avenue ,North Crosswalk,eb,0
06/24/2025,Washington Street and Sagebrush Avenue ,North Crosswalk,wb,0
06/25/2025,Washington Street and Sagebrush Avenue ,North Crosswalk,eb,0
06/25/2025,Washington Street and Sagebrush Avenue ,North Crosswalk,wb,0
06/26/2025,Washington Street and Sagebrush Avenue ,North Crosswalk,eb,0
06/26/2025,Washington Street and Sagebrush Avenue ,North Crosswalk,wb,0
06/27/2025,Washington Street and Sagebrush Avenue ,North Crosswalk,eb,0
06/27/2025,Washington Street and Sagebrush Avenue ,North Crosswalk,wb,0
06/28/2025,Washington Street and Sagebrush Avenue ,North Crosswalk,eb,0
06/28/2025,Washington Street and Sagebrush Avenue ,North Crosswalk,wb,0
06/29/2025,Washington Street and Sagebrush Avenue ,North Crosswalk,eb,0
06/29/2025,Washington Street and Sagebrush Avenue ,North Crosswalk,wb,0
06/30/2025,Washington Street and Sagebrush Avenue ,North Crosswalk,eb,0
06/30/2025,Washington Street and Sagebrush Avenue ,North Crosswalk,wb,0
06/01/2025,Washington Street and Sagebrush Avenue ,South Crosswalk,wb,
06/01/2025,Washington Street and Sagebrush Avenue ,South Crosswalk,eb,
06/02/2025,Washington Street and Sagebrush Avenue ,South Crosswalk,wb,
06/02/2025,Washington Street and Sagebrush Avenue ,South Crosswalk,eb,
06/03/2025,Washington Street and Sagebrush Avenue ,South Crosswalk,wb,
06/03/2025,Washington Street and Sagebrush Avenue ,South Crosswalk,eb,
06/04/2025,Washington Street and Sagebrush Avenue ,South Crosswalk,wb,
06/04/2025,Washington Street and Sagebrush Avenue ,South Crosswalk,eb,
06/05/2025,Washington Street and Sagebrush Avenue ,South Crosswalk,wb,
06/05/2025,Washington Street and Sagebrush Avenue ,South Crosswalk,eb,
06/06/2025,Washington Street and Sagebrush Avenue ,South Crosswalk,wb,
06/06/2025,Washington Street and Sagebrush Avenue ,South Crosswalk,eb,
06/07/2025,Washington Street and Sagebrush Avenue ,South Crosswalk,wb,
06/07/2025,Washington Street and Sagebrush Avenue ,South Crosswalk,eb,
06/08/2025,Washington Street and Sagebrush Avenue ,South Crosswalk,wb,
06/08/2025,Washington Street and Sagebrush Avenue ,South Crosswalk,eb,
06/09/2025,Washington Street and Sagebrush Avenue ,South Crosswalk,wb,
06/09/2025,Washington Street and Sagebrush Avenue ,South Crosswalk,eb,
06/10/2025,Washington Street and Sagebrush Avenue ,South Crosswalk,wb,
06/10/2025,Washington Street and Sagebrush Avenue ,South Crosswalk,eb,
06/11/2025,Washington Street and Sagebrush Avenue ,South Crosswalk,wb,
06/11/2025,Washington Street and Sagebrush Avenue ,South Crosswalk,eb,
06/12/2025,Washington Street and Sagebrush Avenue ,South Crosswalk,wb,
06/12/2025,Washington Street and Sagebrush Avenue ,South Crosswalk,eb,
06/13/2025,Washington Street and Sagebrush Avenue ,South Crosswalk,wb,
06/13/2025,Washington Street and Sagebrush Avenue ,South Crosswalk,eb,
06/14/2025,Washington Street and Sagebrush Avenue ,South Crosswalk,wb,
06/14/2025,Washington Street and Sagebrush Avenue ,South Crosswalk,eb,
06/15/2025,Washington Street and Sagebrush Avenue ,South Crosswalk,wb,0
06/15/2025,Washington Street and Sagebrush Avenue ,South Crosswalk,eb,0
06/16/2025,Washington Street and Sagebrush Avenue ,South Crosswalk,wb,0
06/16/2025,Washington Street and Sagebrush Avenue ,South Crosswalk,eb,0
06/17/2025,Washington Street and Sagebrush Avenue ,South Crosswalk,wb,0
06/17/2025,Washington Street and Sagebrush Avenue ,South Crosswalk,eb,0
06/18/2025,Washington Street and Sagebrush Avenue ,South Crosswalk,wb,0
06/18/2025,Washington Street and Sagebrush Avenue ,South Crosswalk,eb,0
06/19/2025,Washington Street and Sagebrush Avenue ,South Crosswalk,wb,0
06/19/2025,Washington Street and Sagebrush Avenue ,South Crosswalk,eb,0
06/20/2025,Washington Street and Sagebrush Avenue ,South Crosswalk,wb,0
06/20/2025,Washington Street and Sagebrush Avenue ,South Crosswalk,eb,0
06/21/2025,Washington Street and Sagebrush Avenue ,South Crosswalk,wb,0
06/21/2025,Washington Street and Sagebrush Avenue ,South Crosswalk,eb,0
06/22/2025,Washington Street and Sagebrush Avenue ,South Crosswalk,wb,0
06/22/2025,Washington Street and Sagebrush Avenue ,South Crosswalk,eb,0
06/23/2025,Washington Street and Sagebrush Avenue ,South Crosswalk,wb,0
06/23/2025,Washington Street and Sagebrush Avenue ,South Crosswalk,eb,0
06/24/2025,Washington Street and Sagebrush Avenue ,South Crosswalk,wb,0
06/24/2025,Washington Street and Sagebrush Avenue ,South Crosswalk,eb,0
06/25/2025,Washington Street and Sagebrush Avenue ,South Crosswalk,wb,1
06/25/2025,Washington Street and Sagebrush Avenue ,South Crosswalk,eb,0
06/26/2025,Washington Street and Sagebrush Avenue ,South Crosswalk,wb,0
06/26/2025,Washington Street and Sagebrush Avenue ,South Crosswalk,eb,0
06/27/2025,Washington Street and Sagebrush Avenue ,South Crosswalk,wb,0
06/27/2025,Washington Street and Sagebrush Avenue ,South Crosswalk,eb,0
06/28/2025,Washington Street and Sagebrush Avenue ,South Crosswalk,wb,0
06/28/2025,Washington Street and Sagebrush Avenue ,South Crosswalk,eb,0
06/29/2025,Washington Street and Sagebrush Avenue ,South Crosswalk,wb,0
06/29/2025,Washington Street and Sagebrush Avenue ,South Crosswalk,eb,0
06/30/2025,Washington Street and Sagebrush Avenue ,South Crosswalk,wb,0
06/30/2025,Washington Street and Sagebrush Avenue ,South Crosswalk,eb,0
06/01/2025,Washington Street and Sagebrush Avenue ,East Crosswalk,sb,
06/01/2025,Washington Street and Sagebrush Avenue ,East Crosswalk,nb,
06/02/2025,Washington Street and Sagebrush Avenue ,East Crosswalk,sb,
06/02/2025,Washington Street and Sagebrush Avenue ,East Crosswalk,nb,
06/03/2025,Washington Street and Sagebrush Avenue ,East Crosswalk,sb,
06/03/2025,Washington Street and Sagebrush Avenue ,East Crosswalk,nb,
06/04/2025,Washington Street and Sagebrush Avenue ,East Crosswalk,sb,
06/04/2025,Washington Street and Sagebrush Avenue ,East Crosswalk,nb,
06/05/2025,Washington Street and Sagebrush Avenue ,East Crosswalk,sb,
06/05/2025,Washington Street and Sagebrush Avenue ,East Crosswalk,nb,
06/06/2025,Washington Street and Sagebrush Avenue ,East Crosswalk,sb,
06/06/2025,Washington Street and Sagebrush Avenue ,East Crosswalk,nb,
06/07/2025,Washington Street and Sagebrush Avenue ,East Crosswalk,sb,
06/07/2025,Washington Street and Sagebrush Avenue ,East Crosswalk,nb,
06/08/2025,Washington Street and Sagebrush Avenue ,East Crosswalk,sb,
06/08/2025,Washington Street and Sagebrush Avenue ,East Crosswalk,nb,
06/09/2025,Washington Street and Sagebrush Avenue ,East Crosswalk,sb,
06/09/2025,Washington Street and Sagebrush Avenue ,East Crosswalk,nb,
06/10/2025,Washington Street and Sagebrush Avenue ,East Crosswalk,sb,
06/10/2025,Washington Street and Sagebrush Avenue ,East Crosswalk,nb,
06/11/2025,Washington Street and Sagebrush Avenue ,East Crosswalk,sb,
06/11/2025,Washington Street and Sagebrush Avenue ,East Crosswalk,nb,
06/12/2025,Washington Street and Sagebrush Avenue ,East Crosswalk,sb,
06/12/2025,Washington Street and Sagebrush Avenue ,East Crosswalk,nb,
06/13/2025,Washington Street and Sagebrush Avenue ,East Crosswalk,sb,
06/13/2025,Washington Street and Sagebrush Avenue ,East Crosswalk,nb,
06/14/2025,Washington Street and Sagebrush Avenue ,East Crosswalk,sb,
06/14/2025,Washington Street and Sagebrush Avenue ,East Crosswalk,nb,
06/15/2025,Washington Street and Sagebrush Avenue ,East Crosswalk,sb,0
06/15/2025,Washington Street and Sagebrush Avenue ,East Crosswalk,nb,0
06/16/2025,Washington Street and Sagebrush Avenue ,East Crosswalk,sb,1
06/16/2025,Washington Street and Sagebrush Avenue ,East Crosswalk,nb,2
06/17/2025,Washington Street and Sagebrush Avenue ,East Crosswalk,sb,5
06/17/2025,Washington Street and Sagebrush Avenue ,East Crosswalk,nb,0
06/18/2025,Washington Street and Sagebrush Avenue ,East Crosswalk,sb,3
06/18/2025,Washington Street and Sagebrush Avenue ,East Crosswalk,nb,4
06/19/2025,Washington Street and Sagebrush Avenue ,East Crosswalk,sb,5
06/19/2025,Washington Street and Sagebrush Avenue ,East Crosswalk,nb,1
06/20/2025,Washington Street and Sagebrush Avenue ,East Crosswalk,sb,2
06/20/2025,Washington Street and Sagebrush Avenue ,East Crosswalk,nb,0
06/21/2025,Washington Street and Sagebrush Avenue ,East Crosswalk,sb,4
06/21/2025,Washington Street and Sagebrush Avenue ,East Crosswalk,nb,3
06/22/2025,Washington Street and Sagebrush Avenue ,East Crosswalk,sb,1
06/22/2025,Washington Street and Sagebrush Avenue ,East Crosswalk,nb,1
06/23/2025,Washington Street and Sagebrush Avenue ,East Crosswalk,sb,3
06/23/2025,Washington Street and Sagebrush Avenue ,East Crosswalk,nb,4
06/24/2025,Washington Street and Sagebrush Avenue ,East Crosswalk,sb,9
06/24/2025,Washington Street and Sagebrush Avenue ,East Crosswalk,nb,12
06/25/2025,Washington Street and Sagebrush Avenue ,East Crosswalk,sb,13
06/25/2025,Washington Street and Sagebrush Avenue ,East Crosswalk,nb,8
06/26/2025,Washington Street and Sagebrush Avenue ,East Crosswalk,sb,17
06/26/2025,Washington Street and Sagebrush Avenue ,East Crosswalk,nb,16
06/27/2025,Washington Street and Sagebrush Avenue ,East Crosswalk,sb,14
06/27/2025,Washington Street and Sagebrush Avenue ,East Crosswalk,nb,7
06/28/2025,Washington Street and Sagebrush Avenue ,East Crosswalk,sb,11
06/28/2025,Washington Street and Sagebrush Avenue ,East Crosswalk,nb,11
06/29/2025,Washington Street and Sagebrush Avenue ,East Crosswalk,sb,11
06/29/2025,Washington Street and Sagebrush Avenue ,East Crosswalk,nb,13
06/30/2025,Washington Street and Sagebrush Avenue ,East Crosswalk,sb,8
06/30/2025,Washington Street and Sagebrush Avenue ,East Crosswalk,nb,4
06/01/2025,Washington Street and Eisenhower Drive,South Crosswalk,wb,
06/01/2025,Washington Street and Eisenhower Drive,South Crosswalk,eb,
06/02/2025,Washington Street and Eisenhower Drive,South Crosswalk,wb,
06/02/2025,Washington Street and Eisenhower Drive,South Crosswalk,eb,
06/03/2025,Washington Street and Eisenhower Drive,South Crosswalk,wb,
06/03/2025,Washington Street and Eisenhower Drive,South Crosswalk,eb,
06/04/2025,Washington Street and Eisenhower Drive,South Crosswalk,wb,
06/04/2025,Washington Street and Eisenhower Drive,South Crosswalk,eb,
06/05/2025,Washington Street and Eisenhower Drive,South Crosswalk,wb,
06/05/2025,Washington Street and Eisenhower Drive,South Crosswalk,eb,
06/06/2025,Washington Street and Eisenhower Drive,South Crosswalk,wb,
06/06/2025,Washington Street and Eisenhower Drive,South Crosswalk,eb,
06/07/2025,Washington Street and Eisenhower Drive,South Crosswalk,wb,
06/07/2025,Washington Street and Eisenhower Drive,South Crosswalk,eb,
06/08/2025,Washington Street and Eisenhower Drive,South Crosswalk,wb,
06/08/2025,Washington Street and Eisenhower Drive,South Crosswalk,eb,
06/09/2025,Washington Street and Eisenhower Drive,South Crosswalk,wb,
06/09/2025,Washington Street and Eisenhower Drive,South Crosswalk,eb,
06/10/2025,Washington Street and Eisenhower Drive,South Crosswalk,wb,
06/10/2025,Washington Street and Eisenhower Drive,South Crosswalk,eb,
06/11/2025,Washington Street and Eisenhower Drive,South Crosswalk,wb,
06/11/2025,Washington Street and Eisenhower Drive,South Crosswalk,eb,
06/12/2025,Washington Street and Eisenhower Drive,South Crosswalk,wb,
06/12/2025,Washington Street and Eisenhower Drive,South Crosswalk,eb,
06/13/2025,Washington Street and Eisenhower Drive,South Crosswalk,wb,
06/13/2025,Washington Street and Eisenhower Drive,South Crosswalk,eb,
06/14/2025,Washington Street and Eisenhower Drive,South Crosswalk,wb,
06/14/2025,Washington Street and Eisenhower Drive,South Crosswalk,eb,
06/15/2025,Washington Street and Eisenhower Drive,South Crosswalk,wb,0
06/15/2025,Washington Street and Eisenhower Drive,South Crosswalk,eb,0
06/16/2025,Washington Street and Eisenhower Drive,South Crosswalk,wb,0
06/16/2025,Washington Street and Eisenhower Drive,South Crosswalk,eb,5
06/17/2025,Washington Street and Eisenhower Drive,South Crosswalk,wb,1
06/17/2025,Washington Street and Eisenhower Drive,South Crosswalk,eb,4
06/18/2025,Washington Street and Eisenhower Drive,South Crosswalk,wb,0
06/18/2025,Washington Street and Eisenhower Drive,South Crosswalk,eb,1
06/19/2025,Washington Street and Eisenhower Drive,South Crosswalk,wb,0
06/19/2025,Washington Street and Eisenhower Drive,South Crosswalk,eb,1
06/20/2025,Washington Street and Eisenhower Drive,South Crosswalk,wb,0
06/20/2025,Washington Street and Eisenhower Drive,South Crosswalk,eb,2
06/21/2025,Washington Street and Eisenhower Drive,South Crosswalk,wb,0
06/21/2025,Washington Street and Eisenhower Drive,South Crosswalk,eb,2
06/22/2025,Washington Street and Eisenhower Drive,South Crosswalk,wb,0
06/22/2025,Washington Street and Eisenhower Drive,South Crosswalk,eb,2
06/23/2025,Washington Street and Eisenhower Drive,South Crosswalk,wb,1
06/23/2025,Washington Street and Eisenhower Drive,South Crosswalk,eb,4
06/24/2025,Washington Street and Eisenhower Drive,South Crosswalk,wb,0
06/24/2025,Washington Street and Eisenhower Drive,South Crosswalk,eb,6
06/25/2025,Washington Street and Eisenhower Drive,South Crosswalk,wb,0
06/25/2025,Washington Street and Eisenhower Drive,South Crosswalk,eb,3
06/26/2025,Washington Street and Eisenhower Drive,South Crosswalk,wb,1
06/26/2025,Washington Street and Eisenhower Drive,South Crosswalk,eb,5
06/27/2025,Washington Street and Eisenhower Drive,South Crosswalk,wb,1
06/27/2025,Washington Street and Eisenhower Drive,South Crosswalk,eb,7
06/28/2025,Washington Street and Eisenhower Drive,South Crosswalk,wb,1
06/28/2025,Washington Street and Eisenhower Drive,South Crosswalk,eb,12
06/29/2025,Washington Street and Eisenhower Drive,South Crosswalk,wb,0
06/29/2025,Washington Street and Eisenhower Drive,South Crosswalk,eb,5
06/30/2025,Washington Street and Eisenhower Drive,South Crosswalk,wb,0
06/30/2025,Washington Street and Eisenhower Drive,South Crosswalk,eb,6
06/01/2025,Washington Street and Eisenhower Drive,North Crosswalk,eb,
06/01/2025,Washington Street and Eisenhower Drive,North Crosswalk,wb,
06/02/2025,Washington Street and Eisenhower Drive,North Crosswalk,eb,
06/02/2025,Washington Street and Eisenhower Drive,North Crosswalk,wb,
06/03/2025,Washington Street and Eisenhower Drive,North Crosswalk,eb,
06/03/2025,Washington Street and Eisenhower Drive,North Crosswalk,wb,
06/04/2025,Washington Street and Eisenhower Drive,North Crosswalk,eb,
06/04/2025,Washington Street and Eisenhower Drive,North Crosswalk,wb,
06/05/2025,Washington Street and Eisenhower Drive,North Crosswalk,eb,
06/05/2025,Washington Street and Eisenhower Drive,North Crosswalk,wb,
06/06/2025,Washington Street and Eisenhower Drive,North Crosswalk,eb,
06/06/2025,Washington Street and Eisenhower Drive,North Crosswalk,wb,
06/07/2025,Washington Street and Eisenhower Drive,North Crosswalk,eb,
06/07/2025,Washington Street and Eisenhower Drive,North Crosswalk,wb,
06/08/2025,Washington Street and Eisenhower Drive,North Crosswalk,eb,
06/08/2025,Washington Street and Eisenhower Drive,North Crosswalk,wb,
06/09/2025,Washington Street and Eisenhower Drive,North Crosswalk,eb,
06/09/2025,Washington Street and Eisenhower Drive,North Crosswalk,wb,
06/10/2025,Washington Street and Eisenhower Drive,North Crosswalk,eb,
06/10/2025,Washington Street and Eisenhower Drive,North Crosswalk,wb,
06/11/2025,Washington Street and Eisenhower Drive,North Crosswalk,eb,
06/11/2025,Washington Street and Eisenhower Drive,North Crosswalk,wb,
06/12/2025,Washington Street and Eisenhower Drive,North Crosswalk,eb,
06/12/2025,Washington Street and Eisenhower Drive,North Crosswalk,wb,
06/13/2025,Washington Street and Eisenhower Drive,North Crosswalk,eb,
06/13/2025,Washington Street and Eisenhower Drive,North Crosswalk,wb,
06/14/2025,Washington Street and Eisenhower Drive,North Crosswalk,eb,
06/14/2025,Washington Street and Eisenhower Drive,North Crosswalk,wb,
06/15/2025,Washington Street and Eisenhower Drive,North Crosswalk,eb,0
06/15/2025,Washington Street and Eisenhower Drive,North Crosswalk,wb,0
06/16/2025,Washington Street and Eisenhower Drive,North Crosswalk,eb,2
06/16/2025,Washington Street and Eisenhower Drive,North Crosswalk,wb,1
06/17/2025,Washington Street and Eisenhower Drive,North Crosswalk,eb,0
06/17/2025,Washington Street and Eisenhower Drive,North Crosswalk,wb,0
06/18/2025,Washington Street and Eisenhower Drive,North Crosswalk,eb,1
06/18/2025,Washington Street and Eisenhower Drive,North Crosswalk,wb,10
06/19/2025,Washington Street and Eisenhower Drive,North Crosswalk,eb,1
06/19/2025,Washington Street and Eisenhower Drive,North Crosswalk,wb,2
06/20/2025,Washington Street and Eisenhower Drive,North Crosswalk,eb,1
06/20/2025,Washington Street and Eisenhower Drive,North Crosswalk,wb,1
06/21/2025,Washington Street and Eisenhower Drive,North Crosswalk,eb,0
06/21/2025,Washington Street and Eisenhower Drive,North Crosswalk,wb,5
06/22/2025,Washington Street and Eisenhower Drive,North Crosswalk,eb,1
06/22/2025,Washington Street and Eisenhower Drive,North Crosswalk,wb,1
06/23/2025,Washington Street and Eisenhower Drive,North Crosswalk,eb,3
06/23/2025,Washington Street and Eisenhower Drive,North Crosswalk,wb,2
06/24/2025,Washington Street and Eisenhower Drive,North Crosswalk,eb,1
06/24/2025,Washington Street and Eisenhower Drive,North Crosswalk,wb,4
06/25/2025,Washington Street and Eisenhower Drive,North Crosswalk,eb,8
06/25/2025,Washington Street and Eisenhower Drive,North Crosswalk,wb,6
06/26/2025,Washington Street and Eisenhower Drive,North Crosswalk,eb,5
06/26/2025,Washington Street and Eisenhower Drive,North Crosswalk,wb,3
06/27/2025,Washington Street and Eisenhower Drive,North Crosswalk,eb,3
06/27/2025,Washington Street and Eisenhower Drive,North Crosswalk,wb,4
06/28/2025,Washington Street and Eisenhower Drive,North Crosswalk,eb,8
06/28/2025,Washington Street and Eisenhower Drive,North Crosswalk,wb,6
06/29/2025,Washington Street and Eisenhower Drive,North Crosswalk,eb,1
06/29/2025,Washington Street and Eisenhower Drive,North Crosswalk,wb,3
06/30/2025,Washington Street and Eisenhower Drive,North Crosswalk,eb,2
06/30/2025,Washington Street and Eisenhower Drive,North Crosswalk,wb,3
06/01/2025,Washington Street and Eisenhower Drive,West Crosswalk,nb,
06/01/2025,Washington Street and Eisenhower Drive,West Crosswalk,sb,
06/02/2025,Washington Street and Eisenhower Drive,West Crosswalk,nb,
06/02/2025,Washington Street and Eisenhower Drive,West Crosswalk,sb,
06/03/2025,Washington Street and Eisenhower Drive,West Crosswalk,nb,
06/03/2025,Washington Street and Eisenhower Drive,West Crosswalk,sb,
06/04/2025,Washington Street and Eisenhower Drive,West Crosswalk,nb,
06/04/2025,Washington Street and Eisenhower Drive,West Crosswalk,sb,
06/05/2025,Washington Street and Eisenhower Drive,West Crosswalk,nb,
06/05/2025,Washington Street and Eisenhower Drive,West Crosswalk,sb,
06/06/2025,Washington Street and Eisenhower Drive,West Crosswalk,nb,
06/06/2025,Washington Street and Eisenhower Drive,West Crosswalk,sb,
06/07/2025,Washington Street and Eisenhower Drive,West Crosswalk,nb,
06/07/2025,Washington Street and Eisenhower Drive,West Crosswalk,sb,
06/08/2025,Washington Street and Eisenhower Drive,West Crosswalk,nb,
06/08/2025,Washington Street and Eisenhower Drive,West Crosswalk,sb,
06/09/2025,Washington Street and Eisenhower Drive,West Crosswalk,nb,
06/09/2025,Washington Street and Eisenhower Drive,West Crosswalk,sb,
06/10/2025,Washington Street and Eisenhower Drive,West Crosswalk,nb,
06/10/2025,Washington Street and Eisenhower Drive,West Crosswalk,sb,
06/11/2025,Washington Street and Eisenhower Drive,West Crosswalk,nb,
06/11/2025,Washington Street and Eisenhower Drive,West Crosswalk,sb,
06/12/2025,Washington Street and Eisenhower Drive,West Crosswalk,nb,
06/12/2025,Washington Street and Eisenhower Drive,West Crosswalk,sb,
06/13/2025,Washington Street and Eisenhower Drive,West Crosswalk,nb,
06/13/2025,Washington Street and Eisenhower Drive,West Crosswalk,sb,
06/14/2025,Washington Street and Eisenhower Drive,West Crosswalk,nb,
06/14/2025,Washington Street and Eisenhower Drive,West Crosswalk,sb,
06/15/2025,Washington Street and Eisenhower Drive,West Crosswalk,nb,0
06/15/2025,Washington Street and Eisenhower Drive,West Crosswalk,sb,0
06/16/2025,Washington Street and Eisenhower Drive,West Crosswalk,nb,2
06/16/2025,Washington Street and Eisenhower Drive,West Crosswalk,sb,1
06/17/2025,Washington Street and Eisenhower Drive,West Crosswalk,nb,0
06/17/2025,Washington Street and Eisenhower Drive,West Crosswalk,sb,3
06/18/2025,Washington Street and Eisenhower Drive,West Crosswalk,nb,0
06/18/2025,Washington Street and Eisenhower Drive,West Crosswalk,sb,0
06/19/2025,Washington Street and Eisenhower Drive,West Crosswalk,nb,0
06/19/2025,Washington Street and Eisenhower Drive,West Crosswalk,sb,0
06/20/2025,Washington Street and Eisenhower Drive,West Crosswalk,nb,1
06/20/2025,Washington Street and Eisenhower Drive,West Crosswalk,sb,2
06/21/2025,Washington Street and Eisenhower Drive,West Crosswalk,nb,1
06/21/2025,Washington Street and Eisenhower Drive,West Crosswalk,sb,1
06/22/2025,Washington Street and Eisenhower Drive,West Crosswalk,nb,0
06/22/2025,Washington Street and Eisenhower Drive,West Crosswalk,sb,0
06/23/2025,Washington Street and Eisenhower Drive,West Crosswalk,nb,3
06/23/2025,Washington Street and Eisenhower Drive,West Crosswalk,sb,3
06/24/2025,Washington Street and Eisenhower Drive,West Crosswalk,nb,3
06/24/2025,Washington Street and Eisenhower Drive,West Crosswalk,sb,0
06/25/2025,Washington Street and Eisenhower Drive,West Crosswalk,nb,3
06/25/2025,Washington Street and Eisenhower Drive,West Crosswalk,sb,1
06/26/2025,Washington Street and Eisenhower Drive,West Crosswalk,nb,3
06/26/2025,Washington Street and Eisenhower Drive,West Crosswalk,sb,0
06/27/2025,Washington Street and Eisenhower Drive,West Crosswalk,nb,3
06/27/2025,Washington Street and Eisenhower Drive,West Crosswalk,sb,1
06/28/2025,Washington Street and Eisenhower Drive,West Crosswalk,nb,1
06/28/2025,Washington Street and Eisenhower Drive,West Crosswalk,sb,5
06/29/2025,Washington Street and Eisenhower Drive,West Crosswalk,nb,3
06/29/2025,Washington Street and Eisenhower Drive,West Crosswalk,sb,4
06/30/2025,Washington Street and Eisenhower Drive,West Crosswalk,nb,3
06/30/2025,Washington Street and Eisenhower Drive,West Crosswalk,sb,0
06/01/2025,Washington Street and Point Happy Way ,West Crosswalk,nb,
06/01/2025,Washington Street and Point Happy Way ,West Crosswalk,sb,
06/02/2025,Washington Street and Point Happy Way ,West Crosswalk,nb,
06/02/2025,Washington Street and Point Happy Way ,West Crosswalk,sb,
06/03/2025,Washington Street and Point Happy Way ,West Crosswalk,nb,
06/03/2025,Washington Street and Point Happy Way ,West Crosswalk,sb,
06/04/2025,Washington Street and Point Happy Way ,West Crosswalk,nb,
06/04/2025,Washington Street and Point Happy Way ,West Crosswalk,sb,
06/05/2025,Washington Street and Point Happy Way ,West Crosswalk,nb,
06/05/2025,Washington Street and Point Happy Way ,West Crosswalk,sb,
06/06/2025,Washington Street and Point Happy Way ,West Crosswalk,nb,
06/06/2025,Washington Street and Point Happy Way ,West Crosswalk,sb,
06/07/2025,Washington Street and Point Happy Way ,West Crosswalk,nb,
06/07/2025,Washington Street and Point Happy Way ,West Crosswalk,sb,
06/08/2025,Washington Street and Point Happy Way ,West Crosswalk,nb,
06/08/2025,Washington Street and Point Happy Way ,West Crosswalk,sb,
06/09/2025,Washington Street and Point Happy Way ,West Crosswalk,nb,
06/09/2025,Washington Street and Point Happy Way ,West Crosswalk,sb,
06/10/2025,Washington Street and Point Happy Way ,West Crosswalk,nb,
06/10/2025,Washington Street and Point Happy Way ,West Crosswalk,sb,
06/11/2025,Washington Street and Point Happy Way ,West Crosswalk,nb,
06/11/2025,Washington Street and Point Happy Way ,West Crosswalk,sb,
06/12/2025,Washington Street and Point Happy Way ,West Crosswalk,nb,
06/12/2025,Washington Street and Point Happy Way ,West Crosswalk,sb,
06/13/2025,Washington Street and Point Happy Way ,West Crosswalk,nb,
06/13/2025,Washington Street and Point Happy Way ,West Crosswalk,sb,
06/14/2025,Washington Street and Point Happy Way ,West Crosswalk,nb,
06/14/2025,Washington Street and Point Happy Way ,West Crosswalk,sb,
06/15/2025,Washington Street and Point Happy Way ,West Crosswalk,nb,0
06/15/2025,Washington Street and Point Happy Way ,West Crosswalk,sb,0
06/16/2025,Washington Street and Point Happy Way ,West Crosswalk,nb,0
06/16/2025,Washington Street and Point Happy Way ,West Crosswalk,sb,0
06/17/2025,Washington Street and Point Happy Way ,West Crosswalk,nb,1
06/17/2025,Washington Street and Point Happy Way ,West Crosswalk,sb,0
06/18/2025,Washington Street and Point Happy Way ,West Crosswalk,nb,1
06/18/2025,Washington Street and Point Happy Way ,West Crosswalk,sb,0
06/19/2025,Washington Street and Point Happy Way ,West Crosswalk,nb,1
06/19/2025,Washington Street and Point Happy Way ,West Crosswalk,sb,0
06/20/2025,Washington Street and Point Happy Way ,West Crosswalk,nb,0
06/20/2025,Washington Street and Point Happy Way ,West Crosswalk,sb,0
06/21/2025,Washington Street and Point Happy Way ,West Crosswalk,nb,3
06/21/2025,Washington Street and Point Happy Way ,West Crosswalk,sb,0
06/22/2025,Washington Street and Point Happy Way ,West Crosswalk,nb,0
06/22/2025,Washington Street and Point Happy Way ,West Crosswalk,sb,0
06/23/2025,Washington Street and Point Happy Way ,West Crosswalk,nb,1
06/23/2025,Washington Street and Point Happy Way ,West Crosswalk,sb,0
06/24/2025,Washington Street and Point Happy Way ,West Crosswalk,nb,0
06/24/2025,Washington Street and Point Happy Way ,West Crosswalk,sb,2
06/25/2025,Washington Street and Point Happy Way ,West Crosswalk,nb,0
06/25/2025,Washington Street and Point Happy Way ,West Crosswalk,sb,1
06/26/2025,Washington Street and Point Happy Way ,West Crosswalk,nb,1
06/26/2025,Washington Street and Point Happy Way ,West Crosswalk,sb,2
06/27/2025,Washington Street and Point Happy Way ,West Crosswalk,nb,2
06/27/2025,Washington Street and Point Happy Way ,West Crosswalk,sb,1
06/28/2025,Washington Street and Point Happy Way ,West Crosswalk,nb,1
06/28/2025,Washington Street and Point Happy Way ,West Crosswalk,sb,6
06/29/2025,Washington Street and Point Happy Way ,West Crosswalk,nb,3
06/29/2025,Washington Street and Point Happy Way ,West Crosswalk,sb,1
06/30/2025,Washington Street and Point Happy Way ,West Crosswalk,nb,4
06/30/2025,Washington Street and Point Happy Way ,West Crosswalk,sb,2
06/01/2025,Washington Street and Point Happy Way ,North Crosswalk,eb,
06/01/2025,Washington Street and Point Happy Way ,North Crosswalk,wb,
06/02/2025,Washington Street and Point Happy Way ,North Crosswalk,eb,
06/02/2025,Washington Street and Point Happy Way ,North Crosswalk,wb,
06/03/2025,Washington Street and Point Happy Way ,North Crosswalk,eb,
06/03/2025,Washington Street and Point Happy Way ,North Crosswalk,wb,
06/04/2025,Washington Street and Point Happy Way ,North Crosswalk,eb,
06/04/2025,Washington Street and Point Happy Way ,North Crosswalk,wb,
06/05/2025,Washington Street and Point Happy Way ,North Crosswalk,eb,
06/05/2025,Washington Street and Point Happy Way ,North Crosswalk,wb,
06/06/2025,Washington Street and Point Happy Way ,North Crosswalk,eb,
06/06/2025,Washington Street and Point Happy Way ,North Crosswalk,wb,
06/07/2025,Washington Street and Point Happy Way ,North Crosswalk,eb,
06/07/2025,Washington Street and Point Happy Way ,North Crosswalk,wb,
06/08/2025,Washington Street and Point Happy Way ,North Crosswalk,eb,
06/08/2025,Washington Street and Point Happy Way ,North Crosswalk,wb,
06/09/2025,Washington Street and Point Happy Way ,North Crosswalk,eb,
06/09/2025,Washington Street and Point Happy Way ,North Crosswalk,wb,
06/10/2025,Washington Street and Point Happy Way ,North Crosswalk,eb,
06/10/2025,Washington Street and Point Happy Way ,North Crosswalk,wb,
06/11/2025,Washington Street and Point Happy Way ,North Crosswalk,eb,
06/11/2025,Washington Street and Point Happy Way ,North Crosswalk,wb,
06/12/2025,Washington Street and Point Happy Way ,North Crosswalk,eb,
06/12/2025,Washington Street and Point Happy Way ,North Crosswalk,wb,
06/13/2025,Washington Street and Point Happy Way ,North Crosswalk,eb,
06/13/2025,Washington Street and Point Happy Way ,North Crosswalk,wb,
06/14/2025,Washington Street and Point Happy Way ,North Crosswalk,eb,
06/14/2025,Washington Street and Point Happy Way ,North Crosswalk,wb,
06/15/2025,Washington Street and Point Happy Way ,North Crosswalk,eb,0
06/15/2025,Washington Street and Point Happy Way ,North Crosswalk,wb,0
06/16/2025,Washington Street and Point Happy Way ,North Crosswalk,eb,2
06/16/2025,Washington Street and Point Happy Way ,North Crosswalk,wb,2
06/17/2025,Washington Street and Point Happy Way ,North Crosswalk,eb,2
06/17/2025,Washington Street and Point Happy Way ,North Crosswalk,wb,1
06/18/2025,Washington Street and Point Happy Way ,North Crosswalk,eb,4
06/18/2025,Washington Street and Point Happy Way ,North Crosswalk,wb,0
06/19/2025,Washington Street and Point Happy Way ,North Crosswalk,eb,3
06/19/2025,Washington Street and Point Happy Way ,North Crosswalk,wb,0
06/20/2025,Washington Street and Point Happy Way ,North Crosswalk,eb,0
06/20/2025,Washington Street and Point Happy Way ,North Crosswalk,wb,1
06/21/2025,Washington Street and Point Happy Way ,North Crosswalk,eb,4
06/21/2025,Washington Street and Point Happy Way ,North Crosswalk,wb,0
06/22/2025,Washington Street and Point Happy Way ,North Crosswalk,eb,1
06/22/2025,Washington Street and Point Happy Way ,North Crosswalk,wb,0
06/23/2025,Washington Street and Point Happy Way ,North Crosswalk,eb,2
06/23/2025,Washington Street and Point Happy Way ,North Crosswalk,wb,2
06/24/2025,Washington Street and Point Happy Way ,North Crosswalk,eb,0
06/24/2025,Washington Street and Point Happy Way ,North Crosswalk,wb,1
06/25/2025,Washington Street and Point Happy Way ,North Crosswalk,eb,1
06/25/2025,Washington Street and Point Happy Way ,North Crosswalk,wb,2
06/26/2025,Washington Street and Point Happy Way ,North Crosswalk,eb,5
06/26/2025,Washington Street and Point Happy Way ,North Crosswalk,wb,4
06/27/2025,Washington Street and Point Happy Way ,North Crosswalk,eb,1
06/27/2025,Washington Street and Point Happy Way ,North Crosswalk,wb,1
06/28/2025,Washington Street and Point Happy Way ,North Crosswalk,eb,4
06/28/2025,Washington Street and Point Happy Way ,North Crosswalk,wb,6
06/29/2025,Washington Street and Point Happy Way ,North Crosswalk,eb,6
06/29/2025,Washington Street and Point Happy Way ,North Crosswalk,wb,5
06/30/2025,Washington Street and Point Happy Way ,North Crosswalk,eb,2
06/30/2025,Washington Street and Point Happy Way ,North Crosswalk,wb,5
06/01/2025,Washington Street and Point Happy Way ,East Crosswalk,sb,
06/01/2025,Washington Street and Point Happy Way ,East Crosswalk,nb,
06/02/2025,Washington Street and Point Happy Way ,East Crosswalk,sb,
06/02/2025,Washington Street and Point Happy Way ,East Crosswalk,nb,
06/03/2025,Washington Street and Point Happy Way ,East Crosswalk,sb,
06/03/2025,Washington Street and Point Happy Way ,East Crosswalk,nb,
06/04/2025,Washington Street and Point Happy Way ,East Crosswalk,sb,
06/04/2025,Washington Street and Point Happy Way ,East Crosswalk,nb,
06/05/2025,Washington Street and Point Happy Way ,East Crosswalk,sb,
06/05/2025,Washington Street and Point Happy Way ,East Crosswalk,nb,
06/06/2025,Washington Street and Point Happy Way ,East Crosswalk,sb,
06/06/2025,Washington Street and Point Happy Way ,East Crosswalk,nb,
06/07/2025,Washington Street and Point Happy Way ,East Crosswalk,sb,
06/07/2025,Washington Street and Point Happy Way ,East Crosswalk,nb,
06/08/2025,Washington Street and Point Happy Way ,East Crosswalk,sb,
06/08/2025,Washington Street and Point Happy Way ,East Crosswalk,nb,
06/09/2025,Washington Street and Point Happy Way ,East Crosswalk,sb,
06/09/2025,Washington Street and Point Happy Way ,East Crosswalk,nb,
06/10/2025,Washington Street and Point Happy Way ,East Crosswalk,sb,
06/10/2025,Washington Street and Point Happy Way ,East Crosswalk,nb,
06/11/2025,Washington Street and Point Happy Way ,East Crosswalk,sb,
06/11/2025,Washington Street and Point Happy Way ,East Crosswalk,nb,
06/12/2025,Washington Street and Point Happy Way ,East Crosswalk,sb,
06/12/2025,Washington Street and Point Happy Way ,East Crosswalk,nb,
06/13/2025,Washington Street and Point Happy Way ,East Crosswalk,sb,
06/13/2025,Washington Street and Point Happy Way ,East Crosswalk,nb,
06/14/2025,Washington Street and Point Happy Way ,East Crosswalk,sb,
06/14/2025,Washington Street and Point Happy Way ,East Crosswalk,nb,
06/15/2025,Washington Street and Point Happy Way ,East Crosswalk,sb,0
06/15/2025,Washington Street and Point Happy Way ,East Crosswalk,nb,0
06/16/2025,Washington Street and Point Happy Way ,East Crosswalk,sb,1
06/16/2025,Washington Street and Point Happy Way ,East Crosswalk,nb,2
06/17/2025,Washington Street and Point Happy Way ,East Crosswalk,sb,3
06/17/2025,Washington Street and Point Happy Way ,East Crosswalk,nb,4
06/18/2025,Washington Street and Point Happy Way ,East Crosswalk,sb,0
06/18/2025,Washington Street and Point Happy Way ,East Crosswalk,nb,2
06/19/2025,Washington Street and Point Happy Way ,East Crosswalk,sb,1
06/19/2025,Washington Street and Point Happy Way ,East Crosswalk,nb,1
06/20/2025,Washington Street and Point Happy Way ,East Crosswalk,sb,0
06/20/2025,Washington Street and Point Happy Way ,East Crosswalk,nb,3
06/21/2025,Washington Street and Point Happy Way ,East Crosswalk,sb,2
06/21/2025,Washington Street and Point Happy Way ,East Crosswalk,nb,2
06/22/2025,Washington Street and Point Happy Way ,East Crosswalk,sb,3
06/22/2025,Washington Street and Point Happy Way ,East Crosswalk,nb,3
06/23/2025,Washington Street and Point Happy Way ,East Crosswalk,sb,2
06/23/2025,Washington Street and Point Happy Way ,East Crosswalk,nb,4
06/24/2025,Washington Street and Point Happy Way ,East Crosswalk,sb,0
06/24/2025,Washington Street and Point Happy Way ,East Crosswalk,nb,4
06/25/2025,Washington Street and Point Happy Way ,East Crosswalk,sb,4
06/25/2025,Washington Street and Point Happy Way ,East Crosswalk,nb,1
06/26/2025,Washington Street and Point Happy Way ,East Crosswalk,sb,3
06/26/2025,Washington Street and Point Happy Way ,East Crosswalk,nb,6
06/27/2025,Washington Street and Point Happy Way ,East Crosswalk,sb,6
06/27/2025,Washington Street and Point Happy Way ,East Crosswalk,nb,8
06/28/2025,Washington Street and Point Happy Way ,East Crosswalk,sb,5
06/28/2025,Washington Street and Point Happy Way ,East Crosswalk,nb,14
06/29/2025,Washington Street and Point Happy Way ,East Crosswalk,sb,4
06/29/2025,Washington Street and Point Happy Way ,East Crosswalk,nb,9
06/30/2025,Washington Street and Point Happy Way ,East Crosswalk,sb,4
06/30/2025,Washington Street and Point Happy Way ,East Crosswalk,nb,6
